k	lambda_k	c_k_sq	E_k	S_cumulative
0	7.365996501627497e-6	7.447709724291168e-14	1.011093301856119e-8	1.011093301856119e-8
1	7.539259368741540e-6	2.154968557088647e-13	2.858329249187718e-8	3.869422551043837e-8
2	7.759353573281111e-6	1.518613417529069e-13	1.957139087923931e-8	5.826561638967768e-8
3	7.852220953018921e-6	4.448489522768320e-12	5.665262795563620e-7	6.247918959460396e-7
4	7.902892223499145e-6	1.808507759209584e-14	2.288412530582171e-9	6.270803084766218e-7
5	8.004769483704648e-6	9.391377339801289e-12	1.173222709151009e-6	1.800303017627630e-6
6	8.157094678114719e-6	5.660318914591756e-13	6.939135976658762e-8	1.869694377394218e-6
7	8.306369038438541e-6	4.092029727546749e-12	4.926376023760175e-7	2.362331979770236e-6
8	8.339375763739021e-6	9.855242124536807e-13	1.181772161819236e-7	2.480509195952159e-6
9	8.427974705613699e-6	1.380785333374819e-12	1.638335877366963e-7	2.644342783688856e-6
10	8.471979400107721e-6	4.891000349108773e-13	5.773149482689469e-8	2.702074278515750e-6
11	8.549626019847293e-6	9.000812275027199e-13	1.052772630537583e-7	2.807351541569508e-6
12	8.579009198170659e-6	2.614560890187726e-13	3.047625698717330e-8	2.837827798556682e-6
13	8.726743759443466e-6	1.338556306693221e-12	1.533855403104658e-7	2.991213338867148e-6
14	8.789906048245088e-6	2.384797563945962e-13	2.713109276545782e-8	3.018344431632606e-6
15	8.870076839017406e-6	1.765972778638073e-13	1.990932897976677e-8	3.038253760612372e-6
16	9.047869005371143e-6	4.846174135824211e-13	5.356149755204619e-8	3.091815258164419e-6
17	9.089975625935795e-6	6.556240611370887e-12	7.212605271090520e-7	3.813075785273471e-6
18	9.207468038470588e-6	3.477266108738941e-14	3.776571468084655e-9	3.816852356741556e-6
19	9.317967600159207e-6	3.046175275413740e-12	3.269141304335178e-7	4.143766487175073e-6
20	9.357163298893903e-6	1.650164928566099e-12	1.763531185526240e-7	4.320119605727697e-6
21	9.399061109676541e-6	1.692994534519755e-13	1.801237926601818e-8	4.338131984993715e-6
22	9.483723510157961e-6	1.386249870818508e-13	1.461714767763636e-8	4.352749132671351e-6
23	9.566781660371452e-6	3.611491608664660e-13	3.775032959751311e-8	4.390499462268864e-6
24	9.659710157435977e-6	2.455687441136776e-11	2.542195781357275e-6	6.932695243626139e-6
25	9.753221382265387e-6	6.607153671765462e-13	6.774329642285648e-8	7.000438540048995e-6
26	9.787955803514231e-6	7.561856566666217e-13	7.725675021899094e-8	7.077695290267986e-6
27	9.873556860071564e-6	5.052479539905319e-12	5.117182806063973e-7	7.589413570874384e-6
28	9.945327553309936e-6	2.971238166080964e-12	2.987571952913805e-7	7.888170766165765e-6
29	1.008398601965204e-5	1.203668610952120e-12	1.193643672855523e-7	8.007535133451316e-6
30	1.015897045536722e-5	6.933781717750795e-13	6.825279931872936e-8	8.075787932770045e-6
31	1.021354536992341e-5	5.032197952007474e-12	4.926984479675550e-7	8.568486380737599e-6
32	1.024766817156570e-5	4.638577242199546e-14	4.526470963482452e-9	8.573012851701082e-6
33	1.036758819999043e-5	5.726058698624334e-13	5.523038326917362e-8	8.628243234970256e-6
34	1.040905247457768e-5	1.536847922658738e-13	1.476453237614303e-8	8.643007767346399e-6
35	1.050194622470509e-5	5.339416204553343e-14	5.084215906564770e-9	8.648091983252964e-6
36	1.058454392589021e-5	1.735340630528811e-12	1.639504396863146e-7	8.812042422939278e-6
37	1.061568823430622e-5	1.587348129276634e-13	1.495285180047843e-8	8.826995274739756e-6
38	1.071020637706061e-5	1.253718638843564e-12	1.170583081880485e-7	8.944053582927804e-6
39	1.079281639258396e-5	2.397130973763336e-12	2.221043040638096e-7	9.166157886991614e-6
40	1.082868943261990e-5	9.551745683970730e-13	8.820777198760032e-8	9.254365658979214e-6
41	1.089382684414442e-5	2.260883027714767e-15	2.075379992780061e-10	9.254573196978492e-6
42	1.091175011850859e-5	1.676167694735337e-13	1.536112609371625e-8	9.269934323072207e-6
43	1.099984724559260e-5	1.124512372390185e-11	1.022298171313926e-6	1.029223249438613e-5
44	1.104387669751124e-5	3.892612588562125e-12	3.524679508092783e-7	1.064470044519541e-5
45	1.122398884227764e-5	5.164658842029050e-12	4.601446878292696e-7	1.110484513302468e-5
46	1.125355657329698e-5	1.057822187377921e-13	9.399892207304281e-9	1.111424502523198e-5
47	1.130192193912701e-5	2.348410607739556e-12	2.077886062554908e-7	1.132203363148747e-5
48	1.130593790402665e-5	6.916158959264595e-12	6.117280156652353e-7	1.193376164715271e-5
49	1.142876259946944e-5	1.686485120858320e-14	1.475649796887557e-9	1.193523729694960e-5
50	1.150286516411371e-5	2.078491625097812e-12	1.806933833826225e-7	1.211593068033222e-5
51	1.154206809467717e-5	1.068076058889893e-13	9.253766743781869e-9	1.212518444707600e-5
52	1.164748202452869e-5	1.253009548508777e-13	1.075777190185859e-8	1.213594221897786e-5
53	1.168217371975774e-5	9.178299727087674e-12	7.856671153215833e-7	1.292160933429944e-5
54	1.175487846716906e-5	1.538971588805942e-12	1.309219481174760e-7	1.305253128241692e-5
55	1.182946881444423e-5	1.319010284925621e-14	1.115020721230577e-9	1.305364630313815e-5
56	1.188002063435739e-5	1.064820027614684e-12	8.963115977553030e-8	1.314327746291368e-5
57	1.190011938331025e-5	1.451475715963464e-11	1.219715255965531e-6	1.436299271887921e-5
58	1.203089022441493e-5	2.475544492849832e-12	2.057656953619339e-7	1.456875841424114e-5
59	1.208512198048280e-5	2.490483137152438e-13	2.060784443197604e-8	1.458936625867312e-5
60	1.215398143723867e-5	1.901006897853346e-11	1.564102189615690e-6	1.615346844828881e-5
61	1.224338044322934e-5	5.275130373242702e-14	4.308557099652881e-9	1.615777700538846e-5
62	1.230415831292285e-5	1.283500137640510e-12	1.043143386973875e-7	1.626209134408585e-5
63	1.234645653443001e-5	3.907818084906936e-12	3.165133310929640e-7	1.657860467517881e-5
64	1.237927032424217e-5	2.711789024602711e-13	2.190588745196273e-8	1.660051056263077e-5
65	1.245188436289127e-5	3.254705213469818e-15	2.613825440886194e-10	1.660077194517486e-5
66	1.250659487596780e-5	1.330132130592908e-12	1.063544588902324e-7	1.670712640406509e-5
67	1.254659349434853e-5	2.540624863663989e-12	2.024951924048853e-7	1.690962159646998e-5
68	1.262217849480580e-5	7.909822756958278e-12	6.266606640219261e-7	1.753628226049191e-5
69	1.270777044521767e-5	5.933501874515920e-13	4.669191893333956e-8	1.758297417942524e-5
70	1.273920475786267e-5	1.724058168280445e-13	1.353348345560073e-8	1.759650766288084e-5
71	1.281222799940657e-5	2.870937270669335e-12	2.240779098531737e-7	1.782058557273402e-5
72	1.285866279226398e-5	1.375688976355448e-11	1.069853839843354e-6	1.889043941257737e-5
73	1.296710890566726e-5	2.441948011294269e-12	1.883186166676689e-7	1.907875802924504e-5
74	1.312295741992594e-5	8.312718281259014e-13	6.334485448102543e-8	1.914210288372607e-5
75	1.317908886743211e-5	1.068733210076951e-14	8.109310293202305e-10	1.914291381475539e-5
76	1.321999309189637e-5	7.165735269729638e-13	5.420377469124482e-8	1.919711758944664e-5
77	1.331189481970081e-5	4.493200748281151e-15	3.375327711898295e-10	1.919745512221783e-5
78	1.333173442575999e-5	8.552620631445228e-12	6.415234776144047e-7	1.983897859983223e-5
79	1.346317292443150e-5	3.063820787111142e-13	2.275704846330283e-8	1.986173564829553e-5
80	1.350558204881273e-5	7.346958477073631e-13	5.439942129498593e-8	1.991613506959052e-5
81	1.356633898021657e-5	3.762730776936884e-11	2.773578621634013e-6	2.268971369122453e-5
82	1.363514541215759e-5	8.046703475775719e-12	5.901443096163086e-7	2.327985800084084e-5
83	1.370898419162156e-5	5.060226244798424e-13	3.691175198736498e-8	2.331676975282821e-5
84	1.376718721956956e-5	3.542727551877961e-16	2.573312540445518e-11	2.331679548595361e-5
85	1.383038961624142e-5	7.233370175540409e-13	5.230055245187059e-8	2.336909603840548e-5
86	1.389631057622722e-5	5.236349909136416e-12	3.768158375860121e-7	2.374591187599150e-5
87	1.396956437325809e-5	5.139775682425823e-12	3.679266972894934e-7	2.411383857328099e-5
88	1.399871720093880e-5	3.160793471115016e-12	2.257916511737978e-7	2.433963022445479e-5
89	1.405934772056318e-5	1.864644299548674e-14	1.326266578371519e-9	2.434095649103316e-5
90	1.407616193536565e-5	2.049470964922618e-13	1.455987061198426e-8	2.435551636164515e-5
91	1.416008039085506e-5	1.361124237203511e-11	9.612404729584443e-7	2.531675683460359e-5
92	1.427182234069414e-5	4.700214025105090e-12	3.293352392499361e-7	2.564609207385353e-5
93	1.432926485173672e-5	1.263366690929194e-12	8.816688811331958e-8	2.573425896196685e-5
94	1.446212145301273e-5	1.534522119411161e-12	1.061062945983966e-7	2.584036525656524e-5
95	1.453188603777916e-5	1.527758284387177e-12	1.051314523397306e-7	2.594549670890497e-5
96	1.464687449855827e-5	2.086100815621657e-12	1.424263460321857e-7	2.608792305493716e-5
97	1.466970405893020e-5	5.183044819039064e-12	3.533162494770219e-7	2.644123930441418e-5
98	1.481459828814044e-5	1.288665065395456e-12	8.698616326485700e-8	2.652822546767904e-5
99	1.485037792032911e-5	5.978812855447706e-12	4.026034143725822e-7	2.693082888205162e-5
100	1.495969506734127e-5	3.396821636890102e-13	2.270648981546257e-8	2.695353537186709e-5
101	1.505870656149862e-5	3.945185970275378e-12	2.619870407968664e-7	2.721552241266395e-5
102	1.513833408983392e-5	1.601703082094156e-12	1.058044480052645e-7	2.732132686066922e-5
103	1.524381396756699e-5	4.315885729483385e-12	2.831237470272165e-7	2.760445060769644e-5
104	1.531172361347873e-5	1.091649589652220e-12	7.129501662969240e-8	2.767574562432613e-5
105	1.537300939746968e-5	5.792308008054203e-12	3.767842624884876e-7	2.805252988681462e-5
106	1.544085447563183e-5	4.705283786480685e-12	3.047294949839976e-7	2.835725938179862e-5
107	1.556791168249656e-5	2.458830346949532e-13	1.579422081199281e-8	2.837305360261061e-5
108	1.563887429493315e-5	8.090070868873567e-13	5.173051919404887e-8	2.842478412180466e-5
109	1.565766792727260e-5	2.542559579120070e-11	1.623843085017423e-6	3.004862720682208e-5
110	1.572998328475469e-5	1.403940712428496e-11	8.925252411356207e-7	3.094115244795770e-5
111	1.584845494377802e-5	1.220842343933645e-15	7.703226265680480e-11	3.094122948022036e-5
112	1.595582203103075e-5	6.768621032789278e-12	4.242101108689806e-7	3.136543959108933e-5
113	1.600049319879540e-5	6.449678563502069e-13	4.030924849233794e-8	3.140574883958167e-5
114	1.607661642187987e-5	3.455180586717387e-11	2.149196383148741e-6	3.355494522273041e-5
115	1.610596817335794e-5	3.218187063119470e-12	1.998133256244047e-7	3.375475854835481e-5
116	1.622183801810547e-5	1.304945118844462e-12	8.044372760891771e-8	3.383520227596373e-5
117	1.634196681348148e-5	6.255965065025941e-12	3.828159202884328e-7	3.421801819625217e-5
118	1.647824068836488e-5	2.589990594882906e-12	1.571764027401101e-7	3.437519459899228e-5
119	1.663016264133907e-5	1.823935549119405e-11	1.096763506440692e-6	3.547195810543297e-5
120	1.664086512543649e-5	5.358057294012958e-12	3.219818953897336e-7	3.579394000082271e-5
121	1.672200544011546e-5	6.285066442983203e-14	3.758560219042606e-9	3.579769856104174e-5
122	1.685035799055622e-5	3.240037910225408e-11	1.922830311404236e-6	3.772052887244598e-5
123	1.699832432080917e-5	3.520542116399600e-12	2.071111275415418e-7	3.792763999998752e-5
124	1.710395760892946e-5	1.384962861287158e-12	8.097323981697139e-8	3.800861323980449e-5
125	1.717533101300720e-5	1.879767756387638e-12	1.094457949581324e-7	3.811805903476262e-5
126	1.736736544103570e-5	1.274718850473837e-12	7.339736443052698e-8	3.819145639919315e-5
127	1.742112017301312e-5	3.332072139625171e-12	1.912662392850519e-7	3.838272263847820e-5
128	1.746277703737106e-5	1.150201073056030e-12	6.586587405855049e-8	3.844858851253675e-5
129	1.754160622993195e-5	2.210655378973529e-13	1.260235436821857e-8	3.846119086690497e-5
130	1.764585511355318e-5	1.082659746322957e-11	6.135490399053564e-7	3.907473990681033e-5
131	1.779739368383399e-5	2.789847308721168e-12	1.567559474315212e-7	3.923149585424185e-5
132	1.797488556961612e-5	7.627132105078145e-12	4.243215944568059e-7	3.965581744869866e-5
133	1.804667817449067e-5	3.455690502600466e-11	1.914862374774961e-6	4.157067982347362e-5
134	1.809746656407176e-5	4.339365307323261e-12	2.397775010087901e-7	4.181045732448241e-5
135	1.823751126770082e-5	1.224400027029165e-12	6.713635479406747e-8	4.187759367927647e-5
136	1.831645691465778e-5	6.902308008310380e-12	3.768364176800370e-7	4.225443009695651e-5
137	1.847353075599898e-5	8.669958435978466e-12	4.693178878738725e-7	4.272374798483038e-5
138	1.863321993910031e-5	2.397789420380657e-13	1.286835784806623e-8	4.273661634267845e-5
139	1.869228946229426e-5	1.689279610020629e-12	9.037307139011585e-8	4.282698941406856e-5
140	1.883750374471422e-5	1.331674474299970e-11	7.069272512679055e-7	4.353391666533647e-5
141	1.899720624117456e-5	2.810221860151125e-13	1.479281650404072e-8	4.354870948184051e-5
142	1.916928409433484e-5	6.732255086140791e-12	3.512001310539497e-7	4.389990961289446e-5
143	1.930448966265610e-5	2.372308920258268e-11	1.228889735866689e-6	4.512879934876115e-5
144	1.945524944665962e-5	8.415246000556070e-12	4.325437216124171e-7	4.556134307037357e-5
145	1.959839625962238e-5	5.014472643203773e-11	2.558613764502174e-6	4.811995683487574e-5
146	1.967948631553080e-5	6.654352838201562e-11	3.381365108575029e-6	5.150132194345077e-5
147	1.978652273271028e-5	1.814891975659484e-13	9.172364443092253e-9	5.151049430789386e-5
148	1.990728243394091e-5	1.339200810785343e-18	6.727190490360819e-14	5.151049437516576e-5
149	2.003916142907181e-5	2.339004309182530e-11	1.167216660967269e-6	5.267771103613303e-5
150	2.017803188967418e-5	1.003663043409655e-14	4.974038344756830e-10	5.267820843996751e-5
151	2.018916455267264e-5	1.024085367473256e-11	5.072450446384059e-7	5.318545348460591e-5
152	2.031160793578406e-5	1.633745955200621e-11	8.043410252727270e-7	5.398979450987864e-5
153	2.044843905990407e-5	1.282481170603510e-12	6.271780290155442e-8	5.405251231278019e-5
154	2.063316430924706e-5	8.916503359569392e-12	4.321442521336065e-7	5.448465656491380e-5
155	2.083069495262105e-5	4.719894559936277e-11	2.265836339436380e-6	5.675049290435018e-5
156	2.099841999396800e-5	1.932211657273766e-11	9.201700212819882e-7	5.767066292563217e-5
157	2.105409272633941e-5	8.118585738472966e-12	3.856060597812573e-7	5.805626898541343e-5
158	2.113074326279478e-5	4.944538648605572e-12	2.339973841484079e-7	5.829026636956183e-5
159	2.126269824895020e-5	3.254361938971080e-12	1.530549839379749e-7	5.844332135349980e-5
160	2.150295675167054e-5	2.318947727447969e-12	1.078432028780327e-7	5.855116455637784e-5
161	2.160508487272128e-5	3.284015700663925e-12	1.520019810156055e-7	5.870316653739344e-5
162	2.172053196060059e-5	9.376104807602025e-12	4.316701278131481e-7	5.913483666520659e-5
163	2.185837475404126e-5	2.609018248528524e-14	1.193601206808003e-9	5.913603026641340e-5
164	2.194067629856558e-5	2.317131536647333e-11	1.056089386268745e-6	6.019211965268214e-5
165	2.210928983059746e-5	2.746425228869089e-12	1.242204182003286e-7	6.031634007088247e-5
166	2.229600944748405e-5	8.843039913653896e-12	3.966198495960797e-7	6.071295992047854e-5
167	2.258359690274880e-5	1.784563913738286e-11	7.902035806887232e-7	6.150316350116727e-5
168	2.268536527787994e-5	7.357981546716521e-11	3.243492646729011e-6	6.474665614789629e-5
169	2.273258148247733e-5	1.328045489299779e-11	5.842035539709645e-7	6.533085970186726e-5
170	2.283690850326959e-5	1.269046679536595e-13	5.556998572529658e-9	6.533641670043979e-5
171	2.308974195598255e-5	4.205684106545030e-12	1.821451324385779e-7	6.551856183287838e-5
172	2.320923340259335e-5	3.443400310230733e-12	1.483633798023667e-7	6.566692521268074e-5
173	2.345800453200328e-5	4.448014645440473e-12	1.896160706837675e-7	6.585654128336451e-5
174	2.371904414735995e-5	1.547846825514375e-11	6.525755489546816e-7	6.650911683231919e-5
175	2.380738232392357e-5	1.545298895480170e-11	6.490839162637926e-7	6.715820074858298e-5
176	2.397814074317289e-5	3.165848569465325e-12	1.320306108540427e-7	6.729023135943702e-5
177	2.421409383918450e-5	1.209734623940868e-11	4.995993787647808e-7	6.778983073820181e-5
178	2.439085861765401e-5	5.272589374471354e-12	2.161707161327676e-7	6.800600145433458e-5
179	2.461405729882535e-5	2.454615285615280e-11	9.972412332575585e-7	6.900324268759214e-5
180	2.476257790299224e-5	2.886232141752431e-12	1.165562064280741e-7	6.911979889402022e-5
181	2.486475689681891e-5	6.059211377649731e-12	2.436867331055596e-7	6.936348562712577e-5
182	2.512752929921054e-5	4.174180221072170e-12	1.661198031596093e-7	6.952960543028538e-5
183	2.524612325751615e-5	1.352895994166887e-10	5.358826701300007e-6	7.488843213158539e-5
184	2.553398835206829e-5	8.188172498137179e-12	3.206773804874053e-7	7.520910951207280e-5
185	2.575883865097929e-5	4.580044133458738e-12	1.778047603588144e-7	7.538691427243161e-5
186	2.579589769609841e-5	1.638832085501295e-12	6.353072511018547e-8	7.545044499754179e-5
187	2.596706956044320e-5	2.427728778586418e-11	9.349259734277778e-7	7.638537097096957e-5
188	2.637981311522677e-5	1.214654969355422e-14	4.604486635480778e-10	7.638583141963311e-5
189	2.646184529323690e-5	4.477449094418854e-11	1.692039630948639e-6	7.807787105058175e-5
190	2.677625164730711e-5	1.752919353367311e-11	6.546544962515700e-7	7.873252554683332e-5
191	2.698823461715897e-5	4.548745856354496e-12	1.685455132905369e-7	7.890107106012386e-5
192	2.734541882506179e-5	1.990804115697769e-11	7.280210730849065e-7	7.962909213320877e-5
193	2.766609206188224e-5	1.428994645210246e-11	5.165148160477223e-7	8.014560694925649e-5
194	2.783431678008147e-5	7.173384189510751e-12	2.577172720346454e-7	8.040332422129114e-5
195	2.806109169339096e-5	2.976219220753012e-11	1.060621323387066e-6	8.146394554467820e-5
196	2.850735875527069e-5	2.509081517973897e-11	8.801522229799687e-7	8.234409776765817e-5
197	2.859472436171871e-5	4.138994111475625e-12	1.447467742342261e-7	8.248884454189239e-5
198	2.880813008846204e-5	1.448150672687122e-11	5.026881884524402e-7	8.299153273034483e-5
199	2.900742420924867e-5	2.142926654696904e-11	7.387511001454785e-7	8.373028383049031e-5
200	2.953651655811664e-5	1.872826542824703e-11	6.340715700647000e-7	8.436435540055501e-5
201	2.971892757809250e-5	2.616829075623023e-12	8.805260784551443e-8	8.445240800840053e-5
202	2.996387795956053e-5	5.524064091354743e-11	1.843574486189692e-6	8.629598249459021e-5
203	3.007152064551662e-5	3.437508537242991e-11	1.143110977913081e-6	8.743909347250330e-5
204	3.040367179559026e-5	1.005155939104769e-11	3.306034698251665e-7	8.776969694232847e-5
205	3.057888996412504e-5	3.425212492244859e-11	1.120123227580627e-6	8.888982016990909e-5
206	3.113222145878948e-5	6.459889386853534e-12	2.074985042556200e-7	8.909731867416471e-5
207	3.159046545814476e-5	2.137168036763849e-11	6.765231235973565e-7	8.977384179776207e-5
208	3.172426227840189e-5	4.225446067796345e-11	1.331928865899289e-6	9.110577066366136e-5
209	3.197597810252410e-5	1.535523388809093e-11	4.802115462694425e-7	9.158598220993080e-5
210	3.258397699578834e-5	7.328601101615877e-15	2.249142608516799e-10	9.158620712419166e-5
211	3.259489829577088e-5	4.518166777378707e-11	1.386157654606006e-6	9.297236477879767e-5
212	3.301889600587471e-5	3.618182522901126e-12	1.095791489290671e-7	9.308194392772674e-5
213	3.308314543743180e-5	4.868999878928035e-11	1.471746357412262e-6	9.455369028513900e-5
214	3.359057685238995e-5	2.121768837784173e-11	6.316559692047118e-7	9.518534625434371e-5
215	3.430492758414860e-5	6.105277230554729e-13	1.779708531836638e-8	9.520314333966208e-5
216	3.446846454207651e-5	7.296196691591127e-11	2.116774503455029e-6	9.731991784311711e-5
217	3.455629503283718e-5	1.935796860262649e-11	5.601864605054318e-7	9.788010430362255e-5
218	3.499405685052841e-5	2.252179068843559e-11	6.435890181191012e-7	9.852369332174164e-5
219	3.525616566171715e-5	7.450693081559718e-12	2.113302153458520e-7	9.873502353708749e-5
220	3.561616086132581e-5	7.738844762581074e-11	2.172846420116094e-6	1.009078699572036e-4
221	3.598752761044983e-5	1.114935103115509e-11	3.098115311460745e-7	1.012176814883497e-4
222	3.639995322347304e-5	3.249670194810557e-12	8.927676843043193e-8	1.013069582567801e-4
223	3.671471378257547e-5	1.698808555900458e-12	4.627051067211915e-8	1.013532287674522e-4
224	3.711260974547084e-5	6.282129964147282e-13	1.692721155217047e-8	1.013701559790044e-4
225	3.752935554862839e-5	1.286885324384864e-11	3.429009919228140e-7	1.017130569709272e-4
226	3.773106263342360e-5	4.916691136014067e-13	1.303088435060049e-8	1.017260878552778e-4
227	3.848837925887484e-5	3.397664115506455e-12	8.827766148981200e-8	1.018143655167676e-4
228	3.907941372212714e-5	8.690668423607419e-11	2.223848209546367e-6	1.040382137263140e-4
229	3.927064202504020e-5	7.535574423716633e-12	1.918882410659778e-7	1.042301019673800e-4
230	3.981317056943688e-5	4.631151102394500e-12	1.163220872931348e-7	1.043464240546731e-4
231	4.027646349031616e-5	3.771334492851719e-12	9.363618763992219e-8	1.044400602423130e-4
232	4.067516699608291e-5	1.006407536657632e-10	2.474255451132015e-6	1.069143156934450e-4
233	4.078606322786414e-5	4.963390251675610e-11	1.216932907681252e-6	1.081312486011263e-4
234	4.095122280953483e-5	5.580817568991156e-10	1.362796318671039e-5	1.217592117878367e-4
235	4.238291874983455e-5	1.263809459710839e-10	2.981883968799984e-6	1.247410957566367e-4
236	4.266230777227692e-5	3.716505807592734e-10	8.711450462152019e-6	1.334525462187887e-4
237	4.302890355152101e-5	4.754517417833437e-11	1.104958998581169e-6	1.345575052173698e-4
238	4.382755221425563e-5	4.608955404226059e-11	1.051611411400457e-6	1.356091166287703e-4
239	4.412181553917855e-5	6.622085387996258e-12	1.500864211291598e-7	1.357592030498994e-4
240	4.481411981734212e-5	7.067001188191558e-12	1.576958605233339e-7	1.359168989104228e-4
241	4.531783009278504e-5	6.782212389921756e-11	1.496588070531104e-6	1.374134869809539e-4
242	4.603327320689015e-5	7.992422303515477e-11	1.736227243193124e-6	1.391497142241470e-4
243	4.654925613587798e-5	4.047684918747521e-11	8.695487865439283e-7	1.400192630106909e-4
244	4.697570659154762e-5	2.989995122346578e-11	6.364981687970118e-7	1.406557611794880e-4
245	4.757436758692992e-5	4.191750289793959e-10	8.810942745869640e-6	1.494667039253576e-4
246	4.909484781909730e-5	2.717057014134053e-12	5.534301733953336e-8	1.495220469426971e-4
247	4.956782958625892e-5	2.528370113761064e-10	5.100828773148407e-6	1.546228757158455e-4
248	5.018738681497083e-5	1.219893018037848e-10	2.430676501518814e-6	1.570535522173643e-4
249	5.098467673971884e-5	1.015458075515093e-10	1.991692681899492e-6	1.590452448992638e-4
250	5.116747162761367e-5	1.196085568971218e-11	2.337589743882759e-7	1.592790038736521e-4
251	5.190815630874637e-5	1.470581069390683e-10	2.833044311271165e-6	1.621120481849233e-4
252	5.238832601201892e-5	5.431815585064485e-11	1.036837020487793e-6	1.631488852054111e-4
253	5.312601189540031e-5	5.465699601112853e-11	1.028817975622612e-6	1.641777031810337e-4
254	5.353083826668849e-5	1.505456959728339e-10	2.812317177302947e-6	1.669900203583366e-4
255	5.422383660195971e-5	1.871328419614552e-10	3.451117694513929e-6	1.704411380528506e-4
256	5.479292887615615e-5	5.481139520843568e-11	1.000337020353872e-6	1.714414750732044e-4
257	5.486990478603742e-5	8.492104698517072e-12	1.547679867794856e-7	1.715962430599839e-4
258	5.545202106718609e-5	1.764475187771026e-11	3.181985352045464e-7	1.719144415951885e-4
259	5.630454341418519e-5	1.066601845609547e-12	1.894344187756669e-8	1.719333850370660e-4
260	5.802623391771592e-5	8.973112652469219e-11	1.546388942834639e-6	1.734797739799007e-4
261	5.880745287079798e-5	9.711452754535386e-12	1.651398297401485e-7	1.736449138096408e-4
262	5.943588744402611e-5	7.077968568694057e-13	1.190857724697011e-8	1.736568223868878e-4
263	6.038569391430217e-5	5.724236555359348e-10	9.479458103906263e-6	1.831362804907941e-4
264	6.120513176588100e-5	1.368183960718628e-11	2.235407262829107e-7	1.833598212170770e-4
265	6.180044401279132e-5	9.557575850113578e-13	1.546522197823590e-8	1.833752864390552e-4
266	6.273610390658714e-5	4.037303474875270e-11	6.435374885387746e-7	1.840188239275940e-4
267	6.337428566373508e-5	1.139831032660046e-10	1.798570225640108e-6	1.858173941532341e-4
268	6.429244795342441e-5	5.149209460118286e-11	8.009042467707164e-7	1.866182984000048e-4
269	6.490809630167168e-5	9.144714376928635e-11	1.408871142118694e-6	1.880271695421235e-4
270	6.640962024353295e-5	1.586699198911960e-11	2.389261063522607e-7	1.882660956484757e-4
271	6.715420458873777e-5	2.174492429478614e-10	3.238058499531824e-6	1.915041541480076e-4
272	6.825531409774956e-5	3.155176419832444e-11	4.622609186610531e-7	1.919664150666686e-4
273	6.880337352447768e-5	7.940160173020527e-11	1.154036461627236e-6	1.931204515282959e-4
274	7.038769181306475e-5	3.888926428988449e-10	5.525009172507942e-6	1.986454607008038e-4
275	7.133968772481215e-5	7.400416482536242e-11	1.037349155645709e-6	1.996828098564495e-4
276	7.209102496655843e-5	2.325276546082915e-11	3.225473000503965e-7	2.000053571564999e-4
277	7.271603964359319e-5	2.585819491116110e-11	3.556051049796053e-7	2.003609622614795e-4
278	7.382615751717574e-5	1.777215657828311e-10	2.407298060196130e-6	2.027682603216757e-4
279	7.431502741046535e-5	7.429072407676424e-11	9.996729687850766e-7	2.037679332904607e-4
280	7.568598112624210e-5	1.871647527871122e-10	2.472911759906060e-6	2.062408450503668e-4
281	7.646896922258174e-5	4.892646076503025e-10	6.398211099539965e-6	2.126390561499068e-4
282	7.682401644570516e-5	2.103454531709278e-10	2.738016871580621e-6	2.153770730214874e-4
283	7.791690986961763e-5	3.724628387919849e-10	4.780256807094200e-6	2.201573298285816e-4
284	7.985047912802435e-5	1.793922992359251e-9	2.246602665317828e-5	2.426233564817599e-4
285	8.016785572299849e-5	5.560957114965262e-11	6.936641955573647e-7	2.433170206773172e-4
286	8.108755510115713e-5	2.681710707728302e-10	3.307179140353726e-6	2.466241998176710e-4
287	8.202253336201831e-5	3.131432273654561e-10	3.817770733602598e-6	2.504419705512735e-4
288	8.327297750097544e-5	2.999291963575842e-10	3.601759002241404e-6	2.540437295535150e-4
289	8.489223203864328e-5	2.920660015670424e-11	3.440432587920327e-7	2.543877728123070e-4
290	8.574965016872934e-5	1.022243074542595e-10	1.192125067019084e-6	2.555798978793261e-4
291	8.783764311657934e-5	8.485128826142003e-10	9.660014232030819e-6	2.652399121113569e-4
292	8.792927931564892e-5	9.093480219517629e-11	1.034181138557250e-6	2.662740932499141e-4
293	8.971124757053327e-5	1.686277300901361e-11	1.879672110875024e-7	2.664620604610016e-4
294	9.002069787730965e-5	6.412797507790984e-10	7.123692283002590e-6	2.735857527440042e-4
295	9.090534604328155e-5	9.864471608684872e-11	1.085136577554881e-6	2.746708893215591e-4
296	9.297477409594324e-5	3.749674107575456e-10	4.033001579230582e-6	2.787038909007897e-4
297	9.410201306729435e-5	4.644278362403847e-10	4.935365579355486e-6	2.836392564801451e-4
298	9.498867256310585e-5	7.619136255873655e-11	8.021099832521474e-7	2.844413664633973e-4
299	9.554613992582506e-5	1.877418120592167e-11	1.964933509663138e-7	2.846378598143636e-4
300	9.899045517807092e-5	7.190718522643251e-10	7.264052387382284e-6	2.919019122017459e-4
301	9.923198468422874e-5	1.147773988620671e-9	1.156657293787948e-5	3.034684851396254e-4
302	1.002455462565772e-4	1.164668806228536e-10	1.161816010506422e-6	3.046303011501318e-4
303	1.022709973506040e-4	1.112026500224336e-9	1.087333192236409e-5	3.155036330724959e-4
304	1.031832957075214e-4	1.423033974911657e-11	1.379132121293473e-7	3.156415462846253e-4
305	1.054636664426979e-4	5.521622172182347e-10	5.235568189905892e-6	3.208771144745312e-4
306	1.071174096290253e-4	8.145942995092710e-10	7.604686318782514e-6	3.284818007933136e-4
307	1.082904079050877e-4	3.921153430497171e-11	3.620960994009652e-7	3.288438968927146e-4
308	1.088832534602919e-4	9.984414332277366e-11	9.169834676108877e-7	3.297608803603255e-4
309	1.114748218537430e-4	5.340231430880970e-10	4.790526992622109e-6	3.345514073529476e-4
310	1.118486699328337e-4	4.583015356562079e-12	4.097514399871029e-8	3.345923824969464e-4
311	1.136100236552379e-4	3.847382740579728e-10	3.386481770530241e-6	3.379788642674766e-4
312	1.147083353137821e-4	9.527343881795355e-10	8.305711922096608e-6	3.462845761895732e-4
313	1.169261774006205e-4	1.427526742694112e-9	1.220878655600809e-5	3.584933627455813e-4
314	1.181714845886859e-4	6.752688770167121e-10	5.714313223423480e-6	3.642076759690047e-4
315	1.210883556518566e-4	1.307800450467114e-10	1.080038161742980e-6	3.652877141307477e-4
316	1.219025876360215e-4	1.541804685402345e-9	1.264784214430203e-5	3.779355562750497e-4
317	1.223440219444159e-4	1.245307733489935e-10	1.017873790397140e-6	3.789534300654469e-4
318	1.243762135823593e-4	9.123964901833811e-10	7.335779598879745e-6	3.862892096643266e-4
319	1.249413548827563e-4	3.509686678425964e-10	2.809067247365310e-6	3.890982769116919e-4
320	1.281598649286769e-4	1.812333033887679e-9	1.414119026183644e-5	4.032394671735284e-4
321	1.298243848891742e-4	3.994500076089196e-10	3.076848836602721e-6	4.063163160101311e-4
322	1.306261411967335e-4	1.202434786337701e-12	9.205161963153586e-9	4.063255211720942e-4
323	1.328874496800659e-4	5.796853113381102e-15	4.362227680143879e-11	4.063255647943710e-4
324	1.343020484094845e-4	1.473661673948824e-10	1.097274160298476e-6	4.074228389546695e-4
325	1.361105024105346e-4	9.244985127618513e-10	6.792264346900961e-6	4.142151033015705e-4
326	1.376729883704226e-4	1.851053991190997e-10	1.344529535605457e-6	4.155596328371759e-4
327	1.420352405911568e-4	2.198624328758806e-9	1.547942834192441e-5	4.310390611791003e-4
328	1.439211597470341e-4	2.185547530984467e-9	1.518572762216437e-5	4.462247888012647e-4
329	1.452995578604075e-4	2.722163313834983e-10	1.873483549378881e-6	4.480982723506436e-4
330	1.466062748296301e-4	9.636385545812738e-10	6.572969374613127e-6	4.546712417252567e-4
331	1.498838234375044e-4	2.158018071230384e-11	1.439793849487827e-7	4.548152211102055e-4
332	1.524659297949225e-4	1.374635531433224e-10	9.016017763983117e-7	4.557168228866038e-4
333	1.552431972734887e-4	1.233376699596065e-10	7.944803516403052e-7	4.565113032382441e-4
334	1.565494620752628e-4	8.419213669331353e-11	5.377989523390202e-7	4.570491021905831e-4
335	1.606208679471754e-4	4.617923973439378e-9	2.875046083649671e-5	4.857995630270798e-4
336	1.637747275051684e-4	1.356036603431014e-9	8.279889236196228e-6	4.940794522632760e-4
337	1.663326134783575e-4	3.001087774730962e-10	1.804268995702067e-6	4.958837212589780e-4
338	1.698593990052632e-4	5.198573618151461e-10	3.060515725709345e-6	4.989442369846874e-4
339	1.705815825632108e-4	2.571032860082593e-10	1.507215973406665e-6	5.004514529580941e-4
340	1.736808495782952e-4	4.895241071801488e-10	2.818526673313351e-6	5.032699796314074e-4
341	1.783418805219077e-4	2.583369027774902e-10	1.448548720140673e-6	5.047185283515481e-4
342	1.795645443339055e-4	1.699421595169886e-9	9.464126681989966e-6	5.141826550335380e-4
343	1.822717219863483e-4	1.245538395116578e-9	6.833415417065438e-6	5.210160704506035e-4
344	1.846995523252700e-4	1.151283352246059e-8	6.233276354771888e-5	5.833488339983224e-4
345	1.880868364550433e-4	2.538894920368996e-9	1.349852529938130e-5	5.968473592977036e-4
346	1.905807282451003e-4	2.882641589137366e-10	1.512556707953223e-6	5.983599160056569e-4
347	1.931909680497340e-4	7.340958375823499e-10	3.799845536222834e-6	6.021597615418797e-4
348	1.983229943576562e-4	4.700150654895156e-9	2.369947403284408e-5	6.258592355747238e-4
349	2.005515160473620e-4	1.166306503443552e-9	5.815495820874863e-6	6.316747313955986e-4
350	2.018045368590018e-4	9.585996155058999e-12	4.750139072322547e-8	6.317222327863218e-4
351	2.042993149238056e-4	4.803254525476069e-9	2.351086946751370e-5	6.552331022538356e-4
352	2.099216199325796e-4	1.606925092040699e-9	7.654881343602411e-6	6.628879835974380e-4
353	2.148392290623574e-4	3.942352521138964e-10	1.835024515003584e-6	6.647230081124416e-4
354	2.190363748937182e-4	1.011063226529108e-11	4.615960371968812e-8	6.647691677161612e-4
355	2.214319362654623e-4	5.194088581698913e-10	2.345681778924614e-6	6.671148494950858e-4
356	2.230416393982253e-4	7.127069487232855e-10	3.195398628911604e-6	6.703102481239974e-4
357	2.257246941134144e-4	6.411006276664579e-9	2.840188266439026e-5	6.987121307883877e-4
358	2.359817548078443e-4	2.561407166866186e-10	1.085425934285425e-6	6.997975567226731e-4
359	2.373471161991263e-4	5.289432695682580e-9	2.228564130201996e-5	7.220831980246931e-4
360	2.424025693620877e-4	9.402831770142408e-12	3.879014894473736e-8	7.221219881736378e-4
361	2.449402707347587e-4	4.437956814481608e-9	1.811852661536163e-5	7.402405147889994e-4
362	2.463880557502069e-4	8.052934231143169e-11	3.268394730671276e-7	7.405673542620665e-4
363	2.554253015766682e-4	6.007724930915570e-9	2.352047699985703e-5	7.640878312619235e-4
364	2.576391140975630e-4	1.717936826571646e-10	6.667996948324765e-7	7.647546309567560e-4
365	2.614351132608644e-4	1.244586707993845e-9	4.760595057298119e-6	7.695152260140542e-4
366	2.661262519880099e-4	6.569433619690652e-12	2.468540240061185e-8	7.695399114164548e-4
367	2.778033267304751e-4	1.275995409853024e-9	4.593161013838379e-6	7.741330724302931e-4
368	2.838388621292695e-4	5.143684182410859e-9	1.812184612009986e-5	7.922549185503929e-4
369	2.916367285494462e-4	5.651022910857103e-10	1.937692463827987e-6	7.941926110142209e-4
370	2.964392536771629e-4	9.141858554776558e-9	3.083889343727905e-5	8.250315044514999e-4
371	2.982506070841257e-4	3.402983777884470e-8	1.140981341548321e-4	9.391296386063320e-4
372	3.008728061684167e-4	1.226913537971017e-11	4.077847890594137e-8	9.391704170852380e-4
373	3.142861218542420e-4	1.192792231673363e-9	3.795243088164580e-6	9.429656601734026e-4
374	3.169131251054341e-4	1.344507689319316e-11	4.242511852016260e-8	9.430080852919228e-4
375	3.281696302425162e-4	3.191661291725292e-10	9.725644903115092e-7	9.439806497822343e-4
376	3.330037429113681e-4	7.937366717016399e-9	2.383566817484391e-5	9.678163179570782e-4
377	3.341106162836611e-4	2.762905932680879e-9	8.269434726178117e-6	9.760857526832563e-4
378	3.407319641377845e-4	1.498496044249324e-9	4.397873407742178e-6	9.804836260909986e-4
379	3.479514275633742e-4	2.059919238012009e-10	5.920134463701334e-7	9.810756395373687e-4
380	3.623672582121947e-4	4.810491498069631e-9	1.327518253664272e-5	9.943508220740115e-4
381	3.658602145464173e-4	3.739705507790028e-10	1.022167855126419e-6	9.953729899291378e-4
382	3.689014149402753e-4	6.408747847847739e-9	1.737252173154529e-5	1.012745511660683e-3
383	3.841533273885859e-4	1.081863284189510e-9	2.816227810764641e-6	1.015561739471448e-3
384	3.919629899326168e-4	2.376684362141561e-9	6.063542791502183e-6	1.021625282262950e-3
385	4.021780275790261e-4	2.210892948447464e-9	5.497299197960369e-6	1.027122581460910e-3
386	4.153512982270831e-4	4.717962674882583e-8	1.135896937127943e-4	1.140712275173705e-3
387	4.215021837853396e-4	8.393693689046829e-9	1.991376085804937e-5	1.160626036031754e-3
388	4.313864324098622e-4	3.829739898798469e-9	8.877747678350291e-6	1.169503783710104e-3
389	4.379498129974803e-4	6.673590793633534e-9	1.523825469397319e-5	1.184742038404078e-3
390	4.429114311733918e-4	2.117953242095470e-8	4.781888867678218e-5	1.232560927080860e-3
391	4.460129676189778e-4	1.738379474819154e-9	3.897598502795608e-6	1.236458525583655e-3
392	4.569523931236964e-4	2.338643245064275e-9	5.117914426659337e-6	1.241576440010315e-3
393	4.661581807118580e-4	1.794939900986164e-8	3.850495336679832e-5	1.280081393377113e-3
394	4.852642569460666e-4	4.591193640601911e-9	9.461223601127883e-6	1.289542616978241e-3
395	4.937338090920823e-4	5.611411501656716e-9	1.136525674021683e-5	1.300907873718458e-3
396	4.996721690126202e-4	1.309494413386897e-8	2.620707124782496e-5	1.327114944966283e-3
397	5.066112439605882e-4	1.108705746331114e-9	2.188474416129157e-6	1.329303419382412e-3
398	5.224718060774788e-4	3.864096678913197e-9	7.395799417242008e-6	1.336699218799654e-3
399	5.320240257309574e-4	3.271202506764646e-8	6.148599214613066e-5	1.398185210945785e-3
400	5.397203112757308e-4	2.884318881607522e-9	5.344099196100087e-6	1.403529310141885e-3
401	5.522198471048813e-4	5.542310560294858e-10	1.003642043898184e-6	1.404532952185783e-3
402	5.584171337746830e-4	2.931921484471963e-9	5.250414622225704e-6	1.409783366808009e-3
403	5.737498521243002e-4	3.547477166603322e-10	6.182968332747871e-7	1.410401663641283e-3
404	5.928967958336186e-4	2.926440963566529e-9	4.935835349644493e-6	1.415337498990928e-3
405	5.960860183541249e-4	8.745475999143197e-9	1.467149996789164e-5	1.430008998958820e-3
406	6.008983157320777e-4	3.661507765554456e-10	6.093389962482456e-7	1.430618337955068e-3
407	6.275151953899983e-4	3.389759436070668e-10	5.401876258891141e-7	1.431158525580957e-3
408	6.321682484586769e-4	4.417427469577551e-12	6.987740178896863e-9	1.431165513321136e-3
409	6.588143897124554e-4	4.272612486701240e-8	6.485305350671005e-5	1.496018566827846e-3
410	6.650821930923760e-4	1.112186991548121e-8	1.672254952995930e-5	1.512741116357805e-3
411	7.023720336733062e-4	4.491005245165607e-10	6.394054759951483e-7	1.513380521833800e-3
412	7.166967979568728e-4	4.722969009855218e-8	6.589912252041933e-5	1.579279644354220e-3
413	7.304280402665293e-4	4.627973541359340e-8	6.335974642581653e-5	1.642639390780036e-3
414	7.607606407860094e-4	1.565878218207163e-9	2.058306035114166e-6	1.644697696815150e-3
415	7.779718370417785e-4	2.846135391515686e-8	3.658404142671868e-5	1.681281738241869e-3
416	7.976479112393115e-4	7.960908511795479e-10	9.980479356394925e-7	1.682279786177509e-3
417	8.238667882919338e-4	5.490373185176004e-9	6.664151611887179e-6	1.688943937789396e-3
418	8.427301954863681e-4	8.291139812563791e-10	9.838427360228494e-7	1.689927780525419e-3
419	8.499380934035264e-4	1.230122220045564e-9	1.447308021128471e-6	1.691375088546547e-3
420	8.582665266174815e-4	1.874927089547647e-7	2.184551105513728e-4	1.909830199097920e-3
421	9.018755302663525e-4	1.218903062879763e-9	1.351520273002398e-6	1.911181719370922e-3
422	9.232903832720025e-4	2.412929273738102e-7	2.613402367722106e-4	2.172521956143133e-3
423	9.433869916068959e-4	1.619304100831373e-7	1.716479149318319e-4	2.344169871074964e-3
424	9.842016962386796e-4	4.295913125949097e-9	4.364870678811847e-6	2.348534741753776e-3
425	1.009077049443911e-3	7.050261610626442e-9	6.986841703031250e-6	2.355521583456807e-3
426	1.040663962762645e-3	1.955711667419358e-8	1.879292199402717e-5	2.374314505450835e-3
427	1.062849300179927e-3	3.441359403064469e-9	3.237862039784842e-6	2.377552367490619e-3
428	1.120538440758223e-3	1.843969158779072e-7	1.645609906547545e-4	2.542113358145374e-3
429	1.136088923125877e-3	3.497309079371682e-8	3.078376180052049e-5	2.572897119945895e-3
430	1.173149637842292e-3	7.944420251255847e-7	6.771872909467516e-4	3.250084410892646e-3
431	1.251268262054006e-3	4.153418120337070e-7	3.319366634872581e-4	3.582021074379904e-3
432	1.276960169410052e-3	2.359136606397601e-7	1.847462953748596e-4	3.766767369754764e-3
433	1.287371191929660e-3	5.709941210730835e-8	4.435349529743725e-5	3.811120865052201e-3
434	1.362679714966291e-3	6.007264769668910e-9	4.408420191253462e-6	3.815529285243455e-3
435	1.395707938141873e-3	2.086934667840699e-8	1.495251700451791e-5	3.830481802247973e-3
436	1.465481736226179e-3	1.404359392873511e-7	9.582919787795746e-5	3.926311000125930e-3
437	1.528482465279399e-3	3.870935028626618e-8	2.532534796150919e-5	3.951636348087439e-3
438	1.587350969542566e-3	1.796652022052586e-7	1.131855560947769e-4	4.064821904182216e-3
439	1.646162290612888e-3	1.700376485614578e-7	1.032933687833115e-4	4.168115272965527e-3
440	1.711489474202497e-3	2.826381477235473e-8	1.651416219519832e-5	4.184629435160726e-3
441	1.788331244206005e-3	7.501763391430233e-8	4.194839974828553e-5	4.226577834909011e-3
442	1.870062517186798e-3	1.034489458781480e-8	5.531844252660065e-6	4.232109679161672e-3
443	1.918343573968447e-3	2.634168880432284e-8	1.373147603055808e-5	4.245841155192230e-3
444	2.026231293238691e-3	6.329944151984266e-8	3.123998811540711e-5	4.277081143307637e-3
445	2.039146729351934e-3	4.179993470390318e-9	2.049873807618921e-6	4.279131017115256e-3
446	2.178760604505477e-3	7.238374608032736e-8	3.322244120379468e-5	4.312353458319050e-3
447	2.281724250540860e-3	2.419427492771119e-8	1.060350518778778e-5	4.322956963506838e-3
448	2.338200543400811e-3	9.489441672976510e-8	4.058437887100364e-5	4.363541342377842e-3
449	2.549322353790577e-3	3.866382975032389e-7	1.516631652832558e-4	4.515204507661097e-3
450	2.745118353711120e-3	2.256588039577738e-10	8.220367025440127e-8	4.515286711331352e-3
451	2.908323960906281e-3	8.119492333315236e-7	2.791811518406316e-4	4.794467863171984e-3
452	2.953648285129418e-3	1.228704032825637e-7	4.159953773141273e-5	4.836067400903397e-3
453	3.264395359217820e-3	6.189738564263610e-7	1.896136307995098e-4	5.025681031702907e-3
454	3.306990246219217e-3	3.031529162211472e-8	9.167033878244206e-6	5.034848065581151e-3
455	3.639875683612789e-3	1.590043012453751e-7	4.368399227513014e-5	5.078532057856281e-3
456	3.700227418345654e-3	4.176524848736366e-9	1.128721123471827e-6	5.079660778979753e-3
457	3.852017694992521e-3	6.895664795956954e-7	1.790143592777640e-4	5.258675138257517e-3
458	4.056978123124063e-3	2.443187026506529e-7	6.022184375559709e-5	5.318896982013113e-3
459	4.419321525611989e-3	2.139272257569852e-6	4.840725539365694e-4	5.802969535949683e-3
460	4.488636110177659e-3	1.559995962612605e-6	3.475434239535316e-4	6.150512959903215e-3
461	4.727200152115129e-3	9.239123870726616e-8	1.954460055302012e-5	6.170057560456235e-3
462	5.279704973345829e-3	6.720431102959587e-9	1.272880044791735e-6	6.171330440501026e-3
463	5.594349330914880e-3	1.498683528660532e-6	2.678923749681972e-4	6.439222815469223e-3
464	5.962455928618887e-3	2.067910417136072e-8	3.468219206804389e-6	6.442691034676027e-3
465	6.220921458495802e-3	1.184349180124681e-6	1.903816320502225e-4	6.633072666726250e-3
466	6.436460338904544e-3	3.269965076887580e-6	5.080377885842940e-4	7.141110455310544e-3
467	7.137999058342126e-3	5.286296055552750e-7	7.405851433077307e-5	7.215168969641317e-3
468	7.929473619465020e-3	3.233019087094907e-6	4.077217785501668e-4	7.622890748191484e-3
469	8.735229224680079e-3	3.723503556270720e-6	4.262628330062043e-4	8.049153581197689e-3
470	9.337776094038191e-3	7.200543202757987e-11	7.711197109722149e-9	8.049161292394798e-3
471	9.867269475738263e-3	7.200149592870297e-7	7.297003097537869e-5	8.122131323370177e-3
472	1.079585109171852e-2	5.156608213877540e-6	4.776472155894374e-4	8.599778538959615e-3
473	1.155813697699733e-2	1.355499224468070e-5	1.172766188154497e-3	9.772544727114111e-3
474	1.370281086313263e-2	4.866003320192582e-7	3.551098653258471e-5	9.808055713646697e-3
475	1.452531067405693e-2	1.272365059844064e-6	8.759640935712195e-5	9.895652123003819e-3
476	1.549882184561117e-2	1.112124450941862e-5	7.175541870344068e-4	1.061320631003823e-2
477	1.702144670579976e-2	2.126335079354967e-7	1.249209374565357e-5	1.062569840378388e-2
478	1.867364675000683e-2	3.512706714780783e-6	1.881103761791734e-4	1.081380877996305e-2
479	2.131860720850125e-2	3.512916779987285e-5	1.647817207583071e-3	1.246162598754612e-2
480	2.232758574162303e-2	1.861246664829972e-6	8.336085622370900e-5	1.254498684376983e-2
481	2.238405173333732e-2	4.254013182368555e-6	1.900466114467074e-4	1.273503345521654e-2
482	2.332030735959973e-2	2.141101057041583e-5	9.181272888156022e-4	1.365316074403214e-2
483	2.400437474874136e-2	7.196968805508159e-6	2.998190488542312e-4	1.395297979288637e-2
484	2.416788357615056e-2	6.051493945445778e-7	2.503940374579401e-5	1.397801919663217e-2
485	2.549134429519685e-2	8.795473769852159e-6	3.450376593716725e-4	1.432305685600384e-2
486	2.577164931176697e-2	1.517795215368485e-7	5.889398839039304e-6	1.432894625484288e-2
487	2.629285127040046e-2	3.632710977238604e-6	1.381634475424192e-4	1.446710970238530e-2
488	2.727144586061841e-2	8.289204666992734e-6	3.039517856646845e-4	1.477106148804998e-2
489	2.896438843311404e-2	1.943253941121232e-9	6.709114351261680e-8	1.477112857919350e-2
490	3.322232959165753e-2	8.112118749159309e-6	2.441766982889829e-4	1.501530527748248e-2
491	3.642773458733765e-2	2.305646013837855e-5	6.329369750704458e-4	1.564824225255293e-2
492	4.160877091444544e-2	2.532193681841376e-6	6.085720933809815e-5	1.570909946189102e-2
493	5.669488338883760e-2	6.845853638773151e-5	1.207490558155201e-3	1.691659002004622e-2
494	7.091801270664316e-2	2.838371450618702e-5	4.002327959131914e-4	1.731682281595941e-2
495	1.164447697021501e-1	1.017812647328037e-3	8.740733052514627e-3	2.605755586847404e-2
496	2.887588874868925e-1	2.016137260821553e-2	6.982078641347690e-2	9.587834228195094e-2
497	1.059378403921371e0	3.245160672429822e-1	3.063268668133700e-1	4.022052090953209e-1
498	4.375898430530589e0	2.432772620824348e0	5.559481462940098e-1	9.581533553893307e-1
