N	vtgv	gap	gap_ln	diag	bos	fer	cancel%	vacuum	higgs	quark	meson	baryon	tetra	penta	hexa	excluded
6	0.3649247079	0.6350752921	1.1379021682	0.1914413791	0.1734833288	0.0000000000	0.00	0.0000000000	0.2215826936	0.1433420143	0.0000000000	0.0000000000	0.0000000000	0.0000000000	0.0000000000	0.0000000000
12	0.6606732805	0.3393267195	0.8431952216	0.3427354390	0.5548986280	-0.2369607864	42.70	0.0000000000	0.3456825471	0.4137426375	-0.0987519041	0.0000000000	0.0000000000	0.0000000000	0.0000000000	0.0000000000
24	0.9080478550	0.0919521450	0.2922288667	0.4993513340	1.2683460775	-0.8596495565	67.78	0.0000000000	0.4355140367	0.7708500165	-0.2983161983	0.0000000000	0.0000000000	0.0000000000	0.0000000000	0.0000000000
36	1.0213440661	-0.0213440661	-0.0764868650	0.5928934775	1.9145213191	-1.4860707305	77.62	0.0000000000	0.4748237558	0.9986605134	-0.4585845845	0.0064443814	0.0000000000	0.0000000000	0.0000000000	0.0000000000
48	1.0826763325	-0.0826763325	-0.3200567020	0.6598852817	2.5523628869	-2.1295718361	83.44	0.0000000000	0.4968661964	1.1620158224	-0.5955598143	0.0193541281	0.0000000000	0.0000000000	0.0000000000	0.0000000000
60	1.1315981173	-0.1315981173	-0.5388080361	0.7122723327	3.1492433209	-2.7299175362	86.68	0.0000000000	0.5133621935	1.2967326384	-0.7102803844	0.0317836698	0.0000000000	0.0000000000	0.0000000000	0.0000000000
120	1.2546166293	-0.2546166293	-1.2189750106	0.8764294531	5.9233008473	-5.5451136710	93.62	0.0000000000	0.5549042744	1.7317951420	-1.1267211169	0.0946383299	0.0000000000	0.0000000000	0.0000000000	0.0000000000
180	1.3098144001	-0.3098144001	-1.6088528117	0.9734900643	8.4318526878	-8.0955283520	96.01	0.0000000000	0.5738587359	1.9893108792	-1.4048063573	0.1514511422	0.0000000000	0.0000000000	0.0000000000	0.0000000000
240	1.3473944395	-0.3473944395	-1.9039434871	1.0427116649	10.7889558068	-10.4842730321	97.18	0.0000000000	0.5862969672	2.1797812096	-1.6211854897	0.2032824033	-0.0007806509	0.0000000000	0.0000000000	0.0000000000
360	1.3952307785	-0.3952307785	-2.3263694787	1.1407841485	15.1842504071	-14.9298037771	98.32	0.0000000000	0.6020183735	2.4540267101	-1.9496472992	0.2921537056	-0.0033207115	0.0000000000	0.0000000000	0.0000000000
720	1.4639963309	-0.4639963309	-3.0527484223	1.3095484238	26.8989190699	-26.7444711628	99.43	0.0000000000	0.6245630038	2.9314422465	-2.5662916450	0.4884062100	-0.0141234843	0.0000000000	0.0000000000	0.0000000000
840	1.4771634879	-0.4771634879	-3.2129335325	1.3472522199	30.5078890933	-30.3779778253	99.57	0.0000000000	0.6289221006	3.0380586132	-2.7115944695	0.5396275675	-0.0178503238	0.0000000000	0.0000000000	0.0000000000
1000	1.4901377467	-0.4901377467	-3.3857516075	1.3899642938	35.1515654814	-35.0513920285	99.72	0.0000000000	0.6333898047	3.1545040392	-2.8735234819	0.5985623906	-0.0227950058	0.0000000000	0.0000000000	0.0000000000
1260	1.5103710432	-0.5103710432	-3.6434709980	1.4466819834	42.3922788307	-42.3285897709	99.85	0.0000000000	0.6397287822	3.3245248940	-3.1132618759	0.6900291790	-0.0306499361	0.0000000000	0.0000000000	0.0000000000
1680	1.5304947027	-0.5304947027	-3.9397449421	1.5174375057	53.5072283007	-53.4941711038	99.98	0.0000000000	0.6464604724	3.5232264041	-3.4028223182	0.8063925565	-0.0427624121	0.0000000000	0.0000000000	0.0000000000
2520	1.5581002889	-0.5581002889	-4.3710493766	1.6174299065	74.1921834909	-74.2515131086	99.92	0.0000000000	0.6554386129	3.8119948088	-3.8369458680	0.9919155176	-0.0643519381	0.0000491556	0.0000000000	0.0000000000
5040	1.5997488528	-0.5997488528	-5.1129557466	1.7889983299	129.7014941717	-129.8907436488	99.85	0.0000000000	0.6689554189	4.3125833410	-4.6275028146	1.3612255156	-0.1164689622	0.0009563541	0.0000000000	0.0000000000
7560	1.6214499024	-0.6214499024	-5.5499369472	1.8896815385	179.9137390406	-180.1819706768	99.85	0.0000000000	0.6759533546	4.6095770989	-5.1178540986	1.6088989022	-0.1572050473	0.0020796924	0.0000000000	0.0000000000
10000	1.6349009696	-0.6349009696	-5.8476540329	1.9592610000	225.6191547727	-225.9435148030	99.86	0.0000000000	0.6803537267	4.8095067670	-5.4560815143	1.7871475184	-0.1892581322	0.0032326041	0.0000000000	0.0000000000
10080	1.6353187527	-0.6353187527	-5.8565642845	1.9612444908	227.0806441709	-227.4065699090	99.86	0.0000000000	0.6804837302	4.8158451581	-5.4669618383	1.7930081415	-0.1903318196	0.0032753809	0.0000000000	0.0000000000
15120	1.6537618656	-0.6537618656	-6.2916562157	2.0622701232	315.5635252445	-315.9720335021	99.87	0.0000000000	0.6864715191	5.1093215712	-5.9755195798	2.0721876573	-0.2443621347	0.0056628326	0.0000000000	0.0000000000
20000	1.6660206558	-0.6660206558	-6.5959272747	2.1320656705	396.3116751491	-396.7777201638	99.88	0.0000000000	0.6903917549	5.3190704525	-6.3480310811	2.2850350814	-0.2884371463	0.0079915944	0.0000000000	0.0000000000
20160	1.6663257226	-0.6663257226	-6.6042578960	2.1340550873	398.8963933198	-399.3641226845	99.88	0.0000000000	0.6904941591	5.3243176512	-6.3573476851	2.2903894186	-0.2895844005	0.0080565794	0.0000000000	0.0000000000
25200	1.6755855972	-0.6755855972	-6.8467893023	2.1897922674	478.6588237593	-479.1730304296	99.89	0.0000000000	0.6934620737	5.4924672866	-6.6612223646	2.4689928534	-0.3284780027	0.0103637507	0.0000000000	0.0000000000
27720	1.6793836073	-0.6793836073	-6.9500327868	2.2136132792	517.4901757734	-518.0244054453	99.90	0.0000000000	0.6946849255	5.5634097905	-6.7905648023	2.5461722965	-0.3457800108	0.0114614078	0.0000000000	0.0000000000
