eps	sigma	t	zeta_logderiv_norm	log_2_plus_t	ratio
0.0100	0.5100	10.00	9.916147226267190e-2	2.484906649788000e0	3.990551205258831e-2
0.0100	0.5100	210.00	2.504309433688215e0	5.356586274672012e0	4.675196674287778e-1
0.0100	0.5100	410.00	2.288951182192111e0	6.021023349349527e0	3.801598248974395e-1
0.0100	0.5100	610.00	2.367092198151247e0	6.416732282512326e0	3.688937131758387e-1
0.0100	0.5100	810.00	9.998011204168208e0	6.699500340161678e0	1.492351772001989e0
0.0100	0.5100	1010.00	5.494807945048093e0	6.919683849847411e0	7.940836697574357e-1
0.0100	0.5100	1210.00	9.528955890955112e0	7.100027166629260e0	1.342101328251535e0
0.0100	0.5100	1410.00	2.321591276863773e1	7.252762418053187e0	3.200975218883487e0
0.0100	0.5100	1610.00	1.256598309173077e1	7.385230923066573e0	1.701501716416606e0
0.0100	0.5100	1810.00	7.958847893577418e0	7.502186486602924e0	1.060870441942490e0
0.0100	0.5100	2010.00	5.819373685511861e0	7.606884531219630e0	7.650140687200397e-1
0.0100	0.5100	2210.00	5.537200137574293e0	7.701652362642226e0	7.189626169616712e-1
0.0100	0.5100	2410.00	8.969137673000370e0	7.788211557847076e0	1.151629948208513e0
0.0100	0.5100	2610.00	2.884115431721411e0	7.867871490396322e0	3.665687009811762e-1
0.0100	0.5100	2810.00	2.985608561052484e0	7.941651252930556e0	3.759430458433643e-1
0.0100	0.5100	3010.00	3.536652327518227e0	8.010359588919783e0	4.415098084248617e-1
0.0100	0.5100	3210.00	5.417280350925062e0	8.074649075066652e0	6.708997877880341e-1
0.0100	0.5100	3410.00	3.200515117045362e0	8.135053908611569e0	3.934227299535624e-1
0.0100	0.5100	3610.00	4.473408917769608e0	8.192016914536875e0	5.460692970288510e-1
0.0100	0.5100	3810.00	7.329734797786770e0	8.245909264774093e0	8.888934576443678e-1
0.0100	0.5100	4010.00	4.476034663466470e0	8.297045149081827e0	5.394733405737584e-1
0.0100	0.5100	4210.00	3.189232859856552e0	8.345692873253865e0	3.821411724935806e-1
0.0100	0.5100	4410.00	3.394162998241814e0	8.392083380373393e0	4.044481977121152e-1
0.0100	0.5100	4610.00	1.033522937864874e1	8.436416881388949e0	1.225073336696844e0
0.0100	0.5100	4810.00	3.246963820083427e0	8.478868077094569e0	3.829477933328165e-1
0.0100	0.5100	5010.00	3.288675456799449e0	8.519590316015959e0	3.860133333661684e-1
0.0100	0.5100	5210.00	8.709658382450337e1	8.558718938244736e0	1.017635751950111e1
0.0100	0.5100	5410.00	7.142152295379725e0	8.596373989290679e0	8.308331285117868e-1
0.0100	0.5100	5610.00	4.055748618410638e0	8.632662441222351e0	4.698143412910235e-1
0.0100	0.5100	5810.00	2.835881532311360e1	8.667680024690174e0	3.271788441928241e0
0.0100	0.5100	6010.00	5.411579416986397e0	8.701512750872865e0	6.219124848657552e-1
0.0100	0.5100	6210.00	3.725108279464925e0	8.734238184268579e0	4.264949273050850e-1
0.0100	0.5100	6410.00	3.812501447817851e0	8.765926513729443e0	4.349228164126865e-1
0.0100	0.5100	6610.00	7.983870175859714e0	8.796641458940915e0	9.076043639069660e-1
0.0100	0.5100	6810.00	3.630563802578702e0	8.826441041782578e0	4.113281656097118e-1
0.0100	0.5100	7010.00	3.603336813678535e0	8.855378246041125e0	4.069094186111630e-1
0.0100	0.5100	7210.00	3.381315706695280e0	8.883501584323207e0	3.806287053139403e-1
0.0100	0.5100	7410.00	4.402217312704854e0	8.910855587405250e0	4.940285777862926e-1
0.0100	0.5100	7610.00	1.038154848193022e1	8.937481228416040e0	1.161574297792412e0
0.0100	0.5100	7810.00	2.451374452289510e1	8.963416291996570e0	2.734866230053759e0
0.0100	0.5100	8010.00	3.960234664006432e0	8.988695696785708e0	4.405794564190868e-1
0.0100	0.5100	8210.00	3.542885685612883e0	9.013351778138825e0	3.930708323407363e-1
0.0100	0.5100	8410.00	1.239094365158828e1	9.037414536822590e0	1.371071737508760e0
0.0100	0.5100	8610.00	3.487074553365092e1	9.060911858484253e0	3.848480823814596e0
0.0100	0.5100	8810.00	7.634452451306187e0	9.083869707922235e0	8.404405497635021e-1
0.0100	0.5100	9010.00	1.128905732056683e1	9.106312301552135e0	1.239695822714388e0
0.0100	0.5100	9210.00	3.603924453618526e0	9.128262260940575e0	3.948094774883449e-1
0.0100	0.5100	9410.00	3.801902280365902e0	9.149740749847252e0	4.155202190214375e-1
0.0100	0.5100	9610.00	5.207006820857154e0	9.170767596856360e0	5.677830962200002e-1
0.0100	0.5100	9810.00	3.594058213134133e0	9.191361405378380e0	3.910256657986540e-1
0.0100	0.5100	12000.00	3.651334203012190e1	9.392828581549459e0	3.887363823699057e0
0.0100	0.5100	15000.00	8.146342035793994e1	9.615938804529582e0	8.471707444682014e0
0.0100	0.5100	20000.00	7.825070316391773e0	9.903587547536461e0	7.901248187923856e-1
0.0500	0.5500	10.00	9.920779573311497e-2	2.484906649788000e0	3.992415398847231e-2
0.0500	0.5500	210.00	2.339734870213495e0	5.356586274672012e0	4.367958901878713e-1
0.0500	0.5500	410.00	2.107486499523630e0	6.021023349349527e0	3.500213131960881e-1
0.0500	0.5500	610.00	2.154246396473912e0	6.416732282512326e0	3.357232780842253e-1
0.0500	0.5500	810.00	8.473790993984711e0	6.699500340161678e0	1.264839251247835e0
0.0500	0.5500	1010.00	4.674401088422630e0	6.919683849847411e0	6.755223489763491e-1
0.0500	0.5500	1210.00	7.572917714658912e0	7.100027166629260e0	1.066604047693265e0
0.0500	0.5500	1410.00	1.083122665465869e1	7.252762418053187e0	1.493393279738238e0
0.0500	0.5500	1610.00	7.648238281311976e0	7.385230923066573e0	1.035612611302910e0
0.0500	0.5500	1810.00	6.634290235282092e0	7.502186486602924e0	8.843142258765917e-1
0.0500	0.5500	2010.00	4.875265694992175e0	7.606884531219630e0	6.409017614219670e-1
0.0500	0.5500	2210.00	4.835848779768919e0	7.701652362642226e0	6.278975669202852e-1
0.0500	0.5500	2410.00	7.634731169263363e0	7.788211557847076e0	9.802932435201928e-1
0.0500	0.5500	2610.00	2.424010851241498e0	7.867871490396322e0	3.080897869519467e-1
0.0500	0.5500	2810.00	2.767133639699261e0	7.941651252930556e0	3.484330338326250e-1
0.0500	0.5500	3010.00	3.320808226659904e0	8.010359588919783e0	4.145641890101119e-1
0.0500	0.5500	3210.00	5.124861124089507e0	8.074649075066652e0	6.346853066239543e-1
0.0500	0.5500	3410.00	2.707975685568969e0	8.135053908611569e0	3.328774112612052e-1
0.0500	0.5500	3610.00	4.041474947804821e0	8.192016914536875e0	4.933430912029923e-1
0.0500	0.5500	3810.00	5.882505067093816e0	8.245909264774093e0	7.133846466421159e-1
0.0500	0.5500	4010.00	4.157426333371720e0	8.297045149081827e0	5.010731240665590e-1
0.0500	0.5500	4210.00	2.686801873436562e0	8.345692873253865e0	3.219387430427950e-1
0.0500	0.5500	4410.00	2.823510463527067e0	8.392083380373393e0	3.364492862559523e-1
0.0500	0.5500	4610.00	7.722466491253170e0	8.436416881388949e0	9.153727939036796e-1
0.0500	0.5500	4810.00	2.932881621872555e0	8.478868077094569e0	3.459048537145725e-1
0.0500	0.5500	5010.00	3.051221523587798e0	8.519590316015959e0	3.581418132104091e-1
0.0500	0.5500	5210.00	1.816772863164883e1	8.558718938244736e0	2.122715883386020e0
0.0500	0.5500	5410.00	5.097980316354789e0	8.596373989290679e0	5.930384511778836e-1
0.0500	0.5500	5610.00	3.781687593284488e0	8.632662441222351e0	4.380673539632827e-1
0.0500	0.5500	5810.00	1.421604649852732e1	8.667680024690174e0	1.640121284822748e0
0.0500	0.5500	6010.00	4.543791810481292e0	8.701512750872865e0	5.221841236772876e-1
0.0500	0.5500	6210.00	3.449911397894238e0	8.734238184268579e0	3.949870984864995e-1
0.0500	0.5500	6410.00	3.386199721632051e0	8.765926513729443e0	3.862911372036361e-1
0.0500	0.5500	6610.00	5.772167994463365e0	8.796641458940915e0	6.561786133270816e-1
0.0500	0.5500	6810.00	3.159423973607221e0	8.826441041782578e0	3.579499323284606e-1
0.0500	0.5500	7010.00	3.108892238738552e0	8.855378246041125e0	3.510739069930084e-1
0.0500	0.5500	7210.00	2.941074326982176e0	8.883501584323207e0	3.310715148824103e-1
0.0500	0.5500	7410.00	3.921139953237444e0	8.910855587405250e0	4.400407923544006e-1
0.0500	0.5500	7610.00	7.189631518844228e0	8.937481228416040e0	8.044359853853839e-1
0.0500	0.5500	7810.00	1.336147437583969e1	8.963416291996570e0	1.490667613839396e0
0.0500	0.5500	8010.00	3.004625892529312e0	8.988695696785708e0	3.342671722220771e-1
0.0500	0.5500	8210.00	3.088921105987539e0	9.013351778138825e0	3.427050426989296e-1
0.0500	0.5500	8410.00	1.045103455782243e1	9.037414536822590e0	1.156418632258165e0
0.0500	0.5500	8610.00	1.495185074925957e1	9.060911858484253e0	1.650148570340555e0
0.0500	0.5500	8810.00	6.393162301373457e0	9.083869707922235e0	7.037928225454231e-1
0.0500	0.5500	9010.00	8.567809691712160e0	9.106312301552135e0	9.408649086471381e-1
0.0500	0.5500	9210.00	3.307589434250386e0	9.128262260940575e0	3.623460128225515e-1
0.0500	0.5500	9410.00	3.444816300224121e0	9.149740749847252e0	3.764933230793047e-1
0.0500	0.5500	9610.00	4.328908145265310e0	9.170767596856360e0	4.720333493947893e-1
0.0500	0.5500	9810.00	2.735274438169927e0	9.191361405378380e0	2.975918710550718e-1
0.0500	0.5500	12000.00	1.524344678684566e1	9.392828581549459e0	1.622881398771474e0
0.0500	0.5500	15000.00	1.712438912319672e1	9.615938804529582e0	1.780833829259634e0
0.0500	0.5500	20000.00	6.177248707202516e0	9.903587547536461e0	6.237384864375860e-1
0.1000	0.6000	10.00	1.129085829041571e-1	2.484906649788000e0	4.543775634943465e-2
0.1000	0.6000	210.00	2.120914845826327e0	5.356586274672012e0	3.959452414413304e-1
0.1000	0.6000	410.00	1.881272198719851e0	6.021023349349527e0	3.124505735263577e-1
0.1000	0.6000	610.00	1.892072675511271e0	6.416732282512326e0	2.948654536621049e-1
0.1000	0.6000	810.00	5.944431547421718e0	6.699500340161678e0	8.872947601459876e-1
0.1000	0.6000	1010.00	3.626112588920056e0	6.919683849847411e0	5.240286503840804e-1
0.1000	0.6000	1210.00	5.386022945326008e0	7.100027166629260e0	7.585918784424912e-1
0.1000	0.6000	1410.00	5.785038617522900e0	7.252762418053187e0	7.976324445873331e-1
0.1000	0.6000	1610.00	5.785928471596173e0	7.385230923066573e0	7.834458437209812e-1
0.1000	0.6000	1810.00	4.781507520268971e0	7.502186486602924e0	6.373485288332379e-1
0.1000	0.6000	2010.00	3.652118101283641e0	7.606884531219630e0	4.801069460558892e-1
0.1000	0.6000	2210.00	3.893193085838435e0	7.701652362642226e0	5.055010149150366e-1
0.1000	0.6000	2410.00	5.848355117518435e0	7.788211557847076e0	7.509240181882164e-1
0.1000	0.6000	2610.00	1.883797137145496e0	7.867871490396322e0	2.394290678800353e-1
0.1000	0.6000	2810.00	2.499869764185659e0	7.941651252930556e0	3.147795948938428e-1
0.1000	0.6000	3010.00	3.048574133548047e0	8.010359588919783e0	3.805789365267627e-1
0.1000	0.6000	3210.00	4.718656648231470e0	8.074649075066652e0	5.843791605510138e-1
0.1000	0.6000	3410.00	2.143071279434008e0	8.135053908611569e0	2.634366414173857e-1
0.1000	0.6000	3610.00	3.478720048195287e0	8.192016914536875e0	4.246475665867143e-1
0.1000	0.6000	3810.00	4.056893387563410e0	8.245909264774093e0	4.919886039607730e-1
0.1000	0.6000	4010.00	3.743861363320950e0	8.297045149081827e0	4.512282741688172e-1
0.1000	0.6000	4210.00	2.093589531679432e0	8.345692873253865e0	2.508586840511388e-1
0.1000	0.6000	4410.00	2.153594582330300e0	8.392083380373393e0	2.566221621876306e-1
0.1000	0.6000	4610.00	4.768690375716189e0	8.436416881388949e0	5.652506796144816e-1
0.1000	0.6000	4810.00	2.552327510003299e0	8.478868077094569e0	3.010221985760508e-1
0.1000	0.6000	5010.00	2.759093474562044e0	8.519590316015959e0	3.238528347278895e-1
0.1000	0.6000	5210.00	7.403706047183956e0	8.558718938244736e0	8.650483910740904e-1
0.1000	0.6000	5410.00	3.129187171550517e0	8.596373989290679e0	3.640124516975231e-1
0.1000	0.6000	5610.00	3.433126457785434e0	8.632662441222351e0	3.976903395865108e-1
0.1000	0.6000	5810.00	6.550842369245478e0	8.667680024690174e0	7.557780571716061e-1
0.1000	0.6000	6010.00	3.439548178465260e0	8.701512750872865e0	3.952816340032637e-1
0.1000	0.6000	6210.00	3.105897634785802e0	8.734238184268579e0	3.556002904042507e-1
0.1000	0.6000	6410.00	2.863164601465414e0	8.765926513729443e0	3.266242988668732e-1
0.1000	0.6000	6610.00	4.248996932672056e0	8.796641458940915e0	4.830249081430245e-1
0.1000	0.6000	6810.00	2.593768246160013e0	8.826441041782578e0	2.938634307850289e-1
0.1000	0.6000	7010.00	2.515027755008418e0	8.855378246041125e0	2.840113301916588e-1
0.1000	0.6000	7210.00	2.415856268302081e0	8.883501584323207e0	2.719486505822618e-1
0.1000	0.6000	7410.00	3.317597280096142e0	8.910855587405250e0	3.723096225221390e-1
0.1000	0.6000	7610.00	4.555636605257973e0	8.937481228416040e0	5.097226487898709e-1
0.1000	0.6000	7810.00	7.476187572099508e0	8.963416291996570e0	8.340779149993282e-1
0.1000	0.6000	8010.00	1.900189153686584e0	8.988695696785708e0	2.113976507588389e-1
0.1000	0.6000	8210.00	2.545284493706650e0	9.013351778138825e0	2.823904532251850e-1
0.1000	0.6000	8410.00	7.604233858967303e0	9.037414536822590e0	8.414169592402950e-1
0.1000	0.6000	8610.00	7.250866729648285e0	9.060911858484253e0	8.002358750304894e-1
0.1000	0.6000	8810.00	4.837403441060328e0	9.083869707922235e0	5.325267310738204e-1
0.1000	0.6000	9010.00	5.345976095580094e0	9.106312301552135e0	5.870626790022229e-1
0.1000	0.6000	9210.00	2.945834016815664e0	9.128262260940575e0	3.227157516519606e-1
0.1000	0.6000	9410.00	3.021202212893422e0	9.149740749847252e0	3.301953897375572e-1
0.1000	0.6000	9610.00	3.328164813404762e0	9.170767596856360e0	3.629101684515068e-1
0.1000	0.6000	9810.00	1.809177638680470e0	9.191361405378380e0	1.968345665987868e-1
0.1000	0.6000	12000.00	7.659617002391651e0	9.392828581549459e0	8.154750122276910e-1
0.1000	0.6000	15000.00	8.763170980116493e0	9.615938804529582e0	9.113172575504127e-1
0.1000	0.6000	20000.00	4.171111571536112e0	9.903587547536461e0	4.211717775518313e-1
0.2500	0.7500	10.00	1.542565973533240e-1	2.484906649788000e0	6.207742144618768e-2
0.2500	0.7500	210.00	1.468575848768502e0	5.356586274672012e0	2.741626426727206e-1
0.2500	0.7500	410.00	1.264268383034546e0	6.021023349349527e0	2.099756652116505e-1
0.2500	0.7500	610.00	1.185128285248422e0	6.416732282512326e0	1.846934285350007e-1
0.2500	0.7500	810.00	2.109486363930558e0	6.699500340161678e0	3.148721929730732e-1
0.2500	0.7500	1010.00	1.734497799264716e0	6.919683849847411e0	2.506614228196227e-1
0.2500	0.7500	1210.00	2.235319785075764e0	7.100027166629260e0	3.148325679064947e-1
0.2500	0.7500	1410.00	1.997006253099205e0	7.252762418053187e0	2.753442258260610e-1
0.2500	0.7500	1610.00	3.633529547122202e0	7.385230923066573e0	4.919994493027240e-1
0.2500	0.7500	1810.00	1.724500746729416e0	7.502186486602924e0	2.298664195843376e-1
0.2500	0.7500	2010.00	1.348670343611742e0	7.606884531219630e0	1.772960188992782e-1
0.2500	0.7500	2210.00	1.808488791881396e0	7.701652362642226e0	2.348182840157372e-1
0.2500	0.7500	2410.00	2.711255339135249e0	7.788211557847076e0	3.481229700807885e-1
0.2500	0.7500	2610.00	6.953310975336605e-1	7.867871490396322e0	8.837601101929476e-2
0.2500	0.7500	2810.00	1.781822642293137e0	7.941651252930556e0	2.243642519099066e-1
0.2500	0.7500	3010.00	2.283090365706973e0	8.010359588919783e0	2.850172130680657e-1
0.2500	0.7500	3210.00	3.480672386371121e0	8.074649075066652e0	4.310617531502308e-1
0.2500	0.7500	3410.00	1.076529342839149e0	8.135053908611569e0	1.323321707431541e-1
0.2500	0.7500	3610.00	1.995147351404408e0	8.192016914536875e0	2.435477578011326e-1
0.2500	0.7500	3810.00	1.048984873205446e0	8.245909264774093e0	1.272127596269621e-1
0.2500	0.7500	4010.00	2.603540983945293e0	8.297045149081827e0	3.137913482649191e-1
0.2500	0.7500	4210.00	7.806472388250282e-1	8.345692873253865e0	9.353893687207604e-2
0.2500	0.7500	4410.00	7.515840075357383e-1	8.392083380373393e0	8.955869162280627e-2
0.2500	0.7500	4610.00	1.179407042932894e0	8.436416881388949e0	1.397995214692045e-1
0.2500	0.7500	4810.00	1.584637621991551e0	8.478868077094569e0	1.868925908014074e-1
0.2500	0.7500	5010.00	1.955049728781442e0	8.519590316015959e0	2.294769650021960e-1
0.2500	0.7500	5210.00	1.701423426694523e0	8.558718938244736e0	1.987941698951805e-1
0.2500	0.7500	5410.00	1.714746782482176e0	8.596373989290679e0	1.994732644971473e-1
0.2500	0.7500	5610.00	2.472024594417841e0	8.632662441222351e0	2.863571477802174e-1
0.2500	0.7500	5810.00	1.221239814202814e0	8.667680024690174e0	1.408958118809269e-1
0.2500	0.7500	6010.00	1.219198444613801e0	8.701512750872865e0	1.401133894208799e-1
0.2500	0.7500	6210.00	2.172885100287106e0	8.734238184268579e0	2.487778618403990e-1
0.2500	0.7500	6410.00	1.600819466057326e0	8.765926513729443e0	1.826183990420268e-1
0.2500	0.7500	6610.00	2.532113617281509e0	8.796641458940915e0	2.878500424395343e-1
0.2500	0.7500	6810.00	1.275632707525977e0	8.826441041782578e0	1.445240161337271e-1
0.2500	0.7500	7010.00	1.129285057210346e0	8.855378246041125e0	1.275253327225410e-1
0.2500	0.7500	7210.00	1.185362065246131e0	8.883501584323207e0	1.334341029823138e-1
0.2500	0.7500	7410.00	1.843418712726550e0	8.910855587405250e0	2.068733686282682e-1
0.2500	0.7500	7610.00	2.328114781440673e0	8.937481228416040e0	2.604889142635187e-1
0.2500	0.7500	7810.00	3.277640815742981e0	8.963416291996570e0	3.656687036470219e-1
0.2500	0.7500	8010.00	1.134125082883213e-1	8.988695696785708e0	1.261723748517560e-2
0.2500	0.7500	8210.00	1.246420649501052e0	9.013351778138825e0	1.382860316762680e-1
0.2500	0.7500	8410.00	3.221979601746762e0	9.037414536822590e0	3.565156371458820e-1
0.2500	0.7500	8610.00	2.462003197231212e0	9.060911858484253e0	2.717169348607995e-1
0.2500	0.7500	8810.00	2.161855530353451e0	9.083869707922235e0	2.379883903957860e-1
0.2500	0.7500	9010.00	1.321618621103743e0	9.106312301552135e0	1.451321432143809e-1
0.2500	0.7500	9210.00	2.005691986592919e0	9.128262260940575e0	2.197233086931764e-1
0.2500	0.7500	9410.00	2.016387148182959e0	9.149740749847252e0	2.203764241316477e-1
0.2500	0.7500	9610.00	1.687449962225954e0	9.170767596856360e0	1.840031321701352e-1
0.2500	0.7500	9810.00	6.028041729074807e-1	9.191361405378380e0	6.558377440742851e-2
0.2500	0.7500	12000.00	2.723535801693659e0	9.392828581549459e0	2.899590659030615e-1
0.2500	0.7500	15000.00	3.623570766063843e0	9.615938804529582e0	3.768296408414082e-1
0.2500	0.7500	20000.00	1.087767629670978e0	9.903587547536461e0	1.098357160422702e-1
0.5000	1.0000	10.00	1.729390454252622e-1	2.484906649788000e0	6.959579163266214e-2
0.5000	1.0000	210.00	6.990445499903326e-1	5.356586274672012e0	1.305018745419415e-1
0.5000	1.0000	410.00	5.934882940040819e-1	6.021023349349527e0	9.856933939115160e-2
0.5000	1.0000	610.00	4.196457879580672e-1	6.416732282512326e0	6.539867482109826e-2
0.5000	1.0000	810.00	8.095912365803285e-1	6.699500340161678e0	1.208435249606676e-1
0.5000	1.0000	1010.00	9.100575477066928e-1	6.919683849847411e0	1.315172148691101e-1
0.5000	1.0000	1210.00	9.175338841076953e-1	7.100027166629260e0	1.292296300527107e-1
0.5000	1.0000	1410.00	8.792859178881004e-1	7.252762418053187e0	1.212346230588540e-1
0.5000	1.0000	1610.00	1.761028177978035e0	7.385230923066573e0	2.384526897429501e-1
0.5000	1.0000	1810.00	7.035213887023328e-1	7.502186486602924e0	9.377551330650744e-2
0.5000	1.0000	2010.00	4.386589370473885e-1	7.606884531219630e0	5.766604386422273e-2
0.5000	1.0000	2210.00	5.928302042450160e-1	7.701652362642226e0	7.697441747963189e-2
0.5000	1.0000	2410.00	1.083955031026876e0	7.788211557847076e0	1.391789402452387e-1
0.5000	1.0000	2610.00	1.488145905662800e-2	7.867871490396322e0	1.891421215355716e-3
0.5000	1.0000	2810.00	9.788634563448921e-1	7.941651252930556e0	1.232569178838823e-1
0.5000	1.0000	3010.00	1.380752891080522e0	8.010359588919783e0	1.723708999269433e-1
0.5000	1.0000	3210.00	2.046121274315228e0	8.074649075066652e0	2.534006438290123e-1
0.5000	1.0000	3410.00	7.875651167758425e-1	8.135053908611569e0	9.681129659658989e-2
0.5000	1.0000	3610.00	6.586103669983245e-1	8.192016914536875e0	8.039660731530096e-2
0.5000	1.0000	3810.00	1.942434487132976e-1	8.245909264774093e0	2.355634078379823e-2
0.5000	1.0000	4010.00	1.427049309304299e0	8.297045149081827e0	1.719948829568825e-1
0.5000	1.0000	4210.00	7.508046585516970e-2	8.345692873253865e0	8.996313067760532e-3
0.5000	1.0000	4410.00	1.479494028502529e-1	8.392083380373393e0	1.762963928555130e-2
0.5000	1.0000	4610.00	3.218052235807057e-1	8.436416881388949e0	3.814477498031422e-2
0.5000	1.0000	4810.00	6.843085194722492e-1	8.478868077094569e0	8.070753233216237e-2
0.5000	1.0000	5010.00	9.893165074309563e-1	8.519590316015959e0	1.161225447156939e-1
0.5000	1.0000	5210.00	4.861450066425039e-1	8.558718938244736e0	5.680114163699888e-2
0.5000	1.0000	5410.00	1.178161265732276e0	8.596373989290679e0	1.370532816743459e-1
0.5000	1.0000	5610.00	1.445408697438855e0	8.632662441222351e0	1.674348681279134e-1
0.5000	1.0000	5810.00	2.557400154870986e-1	8.667680024690174e0	2.950501342442437e-2
0.5000	1.0000	6010.00	2.450976875480526e-1	8.701512750872865e0	2.816725028914844e-2
0.5000	1.0000	6210.00	1.178408299211297e0	8.734238184268579e0	1.349182692697519e-1
0.5000	1.0000	6410.00	6.588867626482851e-1	8.765926513729443e0	7.516453185140418e-2
0.5000	1.0000	6610.00	9.964617499549748e-1	8.796641458940915e0	1.132775224051186e-1
0.5000	1.0000	6810.00	3.530939878867209e-1	8.826441041782578e0	4.000411787891017e-2
0.5000	1.0000	7010.00	1.380030817501274e-1	8.855378246041125e0	1.558409792510251e-2
0.5000	1.0000	7210.00	3.641821263141066e-1	8.883501584323207e0	4.099533532551871e-2
0.5000	1.0000	7410.00	6.917057880607382e-1	8.910855587405250e0	7.762506992464412e-2
0.5000	1.0000	7610.00	1.206063357497051e0	8.937481228416040e0	1.349444353138852e-1
0.5000	1.0000	7810.00	1.500982099661860e0	8.963416291996570e0	1.674564753845123e-1
0.5000	1.0000	8010.00	8.074985217139267e-1	8.988695696785708e0	8.983489362118269e-2
0.5000	1.0000	8210.00	2.953259592106379e-1	9.013351778138825e0	3.276538700363695e-2
0.5000	1.0000	8410.00	1.186136145409283e0	9.037414536822590e0	1.312472876591439e-1
0.5000	1.0000	8610.00	1.145514759818638e0	9.060911858484253e0	1.264237835782528e-1
0.5000	1.0000	8810.00	9.571767913983232e-1	9.083869707922235e0	1.053710392349143e-1
0.5000	1.0000	9010.00	1.820061306933881e-1	9.106312301552135e0	1.998680966194910e-2
0.5000	1.0000	9210.00	1.081404727767661e0	9.128262260940575e0	1.184677539771116e-1
0.5000	1.0000	9410.00	1.218400743778222e0	9.149740749847252e0	1.331623241673336e-1
0.5000	1.0000	9610.00	1.016379000430590e0	9.170767596856360e0	1.108281274927296e-1
0.5000	1.0000	9810.00	5.330229126730951e-1	9.191361405378380e0	5.799172605281232e-2
0.5000	1.0000	12000.00	8.894057963210137e-1	9.392828581549459e0	9.468987841086478e-2
0.5000	1.0000	15000.00	1.458955833792821e0	9.615938804529582e0	1.517226620770071e-1
0.5000	1.0000	20000.00	2.721757544556771e-1	9.903587547536461e0	2.748254136687886e-2
1.0000	1.5000	10.00	1.483864743172116e-1	2.484906649788000e0	5.971511015509223e-2
1.0000	1.5000	210.00	1.528451897131133e-1	5.356586274672012e0	2.853406663789283e-2
1.0000	1.5000	410.00	1.630759928273348e-1	6.021023349349527e0	2.708443122794940e-2
1.0000	1.5000	610.00	6.783736946080848e-2	6.416732282512326e0	1.057194947117979e-2
1.0000	1.5000	810.00	3.798705937498978e-1	6.699500340161678e0	5.670133210870625e-2
1.0000	1.5000	1010.00	4.607324497036673e-1	6.919683849847411e0	6.658287570664476e-2
1.0000	1.5000	1210.00	3.610605053372247e-1	7.100027166629260e0	5.085339772138341e-2
1.0000	1.5000	1410.00	3.889905964668640e-1	7.252762418053187e0	5.363343979096978e-2
1.0000	1.5000	1610.00	6.508445140459559e-1	7.385230923066573e0	8.812784878711760e-2
1.0000	1.5000	1810.00	4.704945994011008e-1	7.502186486602924e0	6.271433004781865e-2
1.0000	1.5000	2010.00	3.077954896553224e-1	7.606884531219630e0	4.046275296964089e-2
1.0000	1.5000	2210.00	1.756199159251422e-1	7.701652362642226e0	2.280288795908361e-2
1.0000	1.5000	2410.00	2.760291905637409e-1	7.788211557847076e0	3.544192251501251e-2
1.0000	1.5000	2610.00	1.421214209466989e-2	7.867871490396322e0	1.806351579587632e-3
1.0000	1.5000	2810.00	3.776100176090737e-1	7.941651252930556e0	4.754804833185435e-2
1.0000	1.5000	3010.00	6.121143863043362e-1	8.010359588919783e0	7.641534434372145e-2
1.0000	1.5000	3210.00	8.536866700547583e-1	8.074649075066652e0	1.057243060495123e-1
1.0000	1.5000	3410.00	5.420622973248540e-1	8.135053908611569e0	6.663290783494871e-2
1.0000	1.5000	3610.00	8.453659997677486e-2	8.192016914536875e0	1.031938786976419e-2
1.0000	1.5000	3810.00	3.495086995992241e-1	8.245909264774093e0	4.238570767353687e-2
1.0000	1.5000	4010.00	5.492169541626444e-1	8.297045149081827e0	6.619428293980324e-2
1.0000	1.5000	4210.00	1.884089684519575e-1	8.345692873253865e0	2.257559334058019e-2
1.0000	1.5000	4410.00	9.977686547873386e-2	8.392083380373393e0	1.188940349569006e-2
1.0000	1.5000	4610.00	1.832349808273688e-1	8.436416881388949e0	2.171952659565603e-2
1.0000	1.5000	4810.00	2.025807101610013e-1	8.478868077094569e0	2.389242388477155e-2
1.0000	1.5000	5010.00	2.195261928630143e-1	8.519590316015959e0	2.576722409413601e-2
1.0000	1.5000	5210.00	2.881216300017415e-1	8.558718938244736e0	3.366410698618302e-2
1.0000	1.5000	5410.00	5.561397285618583e-1	8.596373989290679e0	6.469468746412085e-2
1.0000	1.5000	5610.00	6.638555676258343e-1	8.632662441222351e0	7.690044318839774e-2
1.0000	1.5000	5810.00	4.002426144814399e-1	8.667680024690174e0	4.617644090937085e-2
1.0000	1.5000	6010.00	2.580639872718414e-1	8.701512750872865e0	2.965737046652659e-2
1.0000	1.5000	6210.00	4.661145435212364e-1	8.734238184268579e0	5.336636506670555e-2
1.0000	1.5000	6410.00	2.879608887260304e-1	8.765926513729443e0	3.285002312933127e-2
1.0000	1.5000	6610.00	1.963035837208923e-1	8.796641458940915e0	2.231574227927286e-2
1.0000	1.5000	6810.00	1.373916603578732e-1	8.826441041782578e0	1.556591832511983e-2
1.0000	1.5000	7010.00	1.837914601706862e-1	8.855378246041125e0	2.075478371043629e-2
1.0000	1.5000	7210.00	2.187717502535964e-1	8.883501584323207e0	2.462674747980738e-2
1.0000	1.5000	7410.00	1.575369130904411e-1	8.910855587405250e0	1.767921290443831e-2
1.0000	1.5000	7610.00	4.842382602429726e-1	8.937481228416040e0	5.418061843904903e-2
1.0000	1.5000	7810.00	6.313305334772389e-1	8.963416291996570e0	7.043414172796522e-2
1.0000	1.5000	8010.00	5.554342924006375e-1	8.988695696785708e0	6.179253488348223e-2
1.0000	1.5000	8210.00	2.512507598063636e-1	9.013351778138825e0	2.787539707656285e-2
1.0000	1.5000	8410.00	3.347660988766352e-1	9.037414536822590e0	3.704224228208675e-2
1.0000	1.5000	8610.00	4.558936785926960e-1	9.060911858484253e0	5.031432660564031e-2
1.0000	1.5000	8810.00	3.452282320499145e-1	9.083869707922235e0	3.800453365693188e-2
1.0000	1.5000	9010.00	1.986726977819903e-1	9.106312301552135e0	2.181703100036744e-2
1.0000	1.5000	9210.00	4.797222928046870e-1	9.128262260940575e0	5.255351775522459e-2
1.0000	1.5000	9410.00	6.387148759635591e-1	9.149740749847252e0	6.980688233972333e-2
1.0000	1.5000	9610.00	5.273147577663275e-1	9.170767596856360e0	5.749952249875848e-2
1.0000	1.5000	9810.00	3.440237419193979e-1	9.191361405378380e0	3.742903001486704e-2
1.0000	1.5000	12000.00	1.697844631903358e-1	9.392828581549459e0	1.807596739536450e-2
1.0000	1.5000	15000.00	4.708636637698336e-1	9.615938804529582e0	4.896699878622704e-2
1.0000	1.5000	20000.00	2.156848443331326e-1	9.903587547536461e0	2.177845586741793e-2
