a	b	M	integral	formula	error	error_abs	error_times_aM	time_ms
1	2	10	2.44265541861613034e-1	2.72209255990873145e-1	-2.79437141292601110e-2	2.79437141292601110e-2	2.79437141292601110e-1	0.1
1	2	20	2.57935245907986610e-1	2.72209255990873145e-1	-1.42740100828865346e-2	1.42740100828865346e-2	2.85480201657730692e-1	0.2
1	2	50	2.66425727855276517e-1	2.72209255990873145e-1	-5.78352813559662726e-3	5.78352813559662726e-3	2.89176406779831363e-1	0.6
1	2	100	2.69305065340739391e-1	2.72209255990873145e-1	-2.90419065013375333e-3	2.90419065013375333e-3	2.90419065013375333e-1	1.3
1	2	200	2.70754044682795014e-1	2.72209255990873145e-1	-1.45521130807813037e-3	1.45521130807813037e-3	2.91042261615626074e-1	5.2
1	2	500	2.71626422468051743e-1	2.72209255990873145e-1	-5.82833522821402106e-4	5.82833522821402106e-4	2.91416761410701053e-1	13.6
1	2	1000	2.71917714300557889e-1	2.72209255990873145e-1	-2.91541690315255675e-4	2.91541690315255675e-4	2.91541690315255675e-1	28.4
1	2	2000	2.72063453904586083e-1	2.72209255990873145e-1	-1.45802086287061261e-4	1.45802086287061261e-4	2.91604172574122522e-1	53.1
1	2	5000	2.72150927657350883e-1	2.72209255990873145e-1	-5.83283335222617438e-5	5.83283335222617438e-5	2.91641667611308719e-1	99.9
1	2	10000	2.72180090574182854e-1	2.72209255990873145e-1	-2.91654166902910461e-5	2.91654166902910461e-5	2.91654166902910461e-1	130.6
1	2	20000	2.72194672970036855e-1	2.72209255990873145e-1	-1.45830208362895952e-5	1.45830208362895952e-5	2.91660416725791904e-1	253.6
1	2	50000	2.72203422707539611e-1	2.72209255990873145e-1	-5.83328333353394513e-6	5.83328333353394513e-6	2.91664166676697256e-1	609.1
1	3	10	2.13964778565107788e-1	2.41670136128850632e-1	-2.77053575637428440e-2	2.77053575637428440e-2	2.77053575637428440e-1	0.2
1	3	20	2.27776905177220795e-1	2.41670136128850632e-1	-1.38932309516298369e-2	1.38932309516298369e-2	2.77864619032596738e-1	0.2
1	3	50	2.36114282285507432e-1	2.41670136128850632e-1	-5.55585384334320032e-3	5.55585384334320032e-3	2.77792692167160016e-1	0.5
1	3	100	2.38892430774753861e-1	2.41670136128850632e-1	-2.77770535409677111e-3	2.77770535409677111e-3	2.77770535409677111e-1	1.1
1	3	200	2.40281242427850789e-1	2.41670136128850632e-1	-1.38889370099984366e-3	1.38889370099984366e-3	2.77778740199968732e-1	2.2
1	3	500	2.41114580263432410e-1	2.41670136128850632e-1	-5.55555865418222439e-4	5.55555865418222439e-4	2.77777932709111219e-1	5.7
1	3	1000	2.41392358423317077e-1	2.41670136128850632e-1	-2.77777705533555075e-4	2.77777705533555075e-4	2.77777705533555075e-1	12.2
1	3	2000	2.41531247235105495e-1	2.41670136128850632e-1	-1.38888893745137132e-4	1.38888893745137132e-4	2.77777787490274264e-1	24.3
1	3	5000	2.41614580572984072e-1	2.41670136128850632e-1	-5.55555558665599136e-5	5.55555558665599136e-5	2.77777779332799568e-1	61.3
1	3	10000	2.41642358351145059e-1	2.41670136128850632e-1	-2.77777777055732145e-5	2.77777777055732145e-5	2.77777777055732145e-1	125.3
1	3	20000	2.41656247239956878e-1	2.41670136128850632e-1	-1.38888888937538368e-5	1.38888888937538368e-5	2.77777777875076737e-1	245.2
1	3	50000	2.41664580573294763e-1	2.41670136128850632e-1	-5.55555555586950689e-6	5.55555555586950689e-6	2.77777777793475344e-1	606.9
1	4	10	1.86952159341431529e-1	2.14402531371785998e-1	-2.74503720303544696e-2	2.74503720303544696e-2	2.74503720303544696e-1	0.1
1	4	20	2.01373408974540424e-1	2.14402531371785998e-1	-1.30291223972455739e-2	1.30291223972455739e-2	2.60582447944911477e-1	0.2
1	4	50	2.08969472952895308e-1	2.14402531371785998e-1	-5.43305841889069052e-3	5.43305841889069052e-3	2.71652920944534526e-1	0.6
1	4	100	2.11714975212029199e-1	2.14402531371785998e-1	-2.68755615975679873e-3	2.68755615975679873e-3	2.68755615975679873e-1	1.1
1	4	200	2.13053566185772814e-1	2.14402531371785998e-1	-1.34896518601318460e-3	1.34896518601318460e-3	2.69793037202636921e-1	2.3
1	4	500	2.13861697606347684e-1	2.14402531371785998e-1	-5.40833765438314407e-4	5.40833765438314407e-4	2.70416882719157203e-1	6.0
1	4	1000	2.14131906318043130e-1	2.14402531371785998e-1	-2.70625053742867827e-4	2.70625053742867827e-4	2.70625053742867827e-1	11.5
1	4	2000	2.14267166781751700e-1	2.14402531371785998e-1	-1.35364590034298127e-4	1.35364590034298127e-4	2.70729180068596254e-1	24.7
1	4	5000	2.14348373038024453e-1	2.14402531371785998e-1	-5.41583337615447746e-5	5.41583337615447746e-5	2.70791668807723873e-1	61.4
1	4	10000	2.14375450121732480e-1	2.14402531371785998e-1	-2.70812500535178025e-5	2.70812500535178025e-5	2.70812500535178025e-1	121.9
1	4	20000	2.14388990225945958e-1	2.14402531371785998e-1	-1.35411458400402918e-5	1.35411458400402918e-5	2.70822916800805835e-1	241.1
1	4	50000	2.14397114788452220e-1	2.14402531371785998e-1	-5.41658333377825763e-6	5.41658333377825763e-6	2.70829166688912881e-1	605.8
1	5	10	1.68200068701987004e-1	1.92478862338048923e-1	-2.42787936360619183e-2	2.42787936360619183e-2	2.42787936360619183e-1	0.1
1	5	20	1.79758974703581376e-1	1.92478862338048923e-1	-1.27198876344675471e-2	1.27198876344675471e-2	2.54397752689350942e-1	0.2
1	5	50	1.87244904320309963e-1	1.92478862338048923e-1	-5.23395801773895997e-3	5.23395801773895997e-3	2.61697900886947998e-1	0.7
1	5	100	1.89837122685758808e-1	1.92478862338048923e-1	-2.64173965229011487e-3	2.64173965229011487e-3	2.64173965229011487e-1	1.2
1	5	200	1.91151770205590710e-1	1.92478862338048923e-1	-1.32709213245821300e-3	1.32709213245821300e-3	2.65418426491642601e-1	2.4
1	5	500	1.91946528454105286e-1	1.92478862338048923e-1	-5.32333883943636454e-4	5.32333883943636454e-4	2.66166941971818227e-1	6.0
1	5	1000	1.92212445603079846e-1	1.92478862338048923e-1	-2.66416734969077140e-4	2.66416734969077140e-4	2.66416734969077140e-1	12.1
1	5	2000	1.92345591496210583e-1	1.92478862338048923e-1	-1.33270841838339926e-4	1.33270841838339926e-4	2.66541683676679853e-1	24.3
1	5	5000	1.92425539004172530e-1	1.92478862338048923e-1	-5.33233338763927645e-5	5.33233338763927645e-5	2.66616669381963822e-1	60.1
1	5	10000	1.92452198171314426e-1	1.92478862338048923e-1	-2.66641667344968969e-5	2.66641667344968969e-5	2.66641667344968969e-1	121.7
1	5	20000	1.92465529629707116e-1	1.92478862338048923e-1	-1.33327083418066650e-5	1.33327083418066650e-5	2.66654166836133300e-1	244.4
1	5	50000	1.92473529104715047e-1	1.92478862338048923e-1	-5.33323333387625276e-6	5.33323333387625276e-6	2.66661666693812638e-1	607.5
1	6	10	1.47902904058106355e-1	1.74835915080076815e-1	-2.69330110219704599e-2	2.69330110219704599e-2	2.69330110219704599e-1	0.1
1	6	20	1.61569769553245257e-1	1.74835915080076815e-1	-1.32661455268315576e-2	1.32661455268315576e-2	2.65322910536631151e-1	0.2
1	6	50	1.69543522919557238e-1	1.74835915080076815e-1	-5.29239216051957673e-3	5.29239216051957673e-3	2.64619608025978836e-1	0.6
1	6	100	1.72192672098332583e-1	1.74835915080076815e-1	-2.64324298174423156e-3	2.64324298174423156e-3	2.64324298174423156e-1	1.2
1	6	200	1.73515460582027797e-1	1.74835915080076815e-1	-1.32045449804901738e-3	1.32045449804901738e-3	2.64090899609803476e-1	2.4
1	6	500	1.74307972651737253e-1	1.74835915080076815e-1	-5.27942428339561731e-4	5.27942428339561731e-4	2.63971214169780866e-1	6.1
1	6	1000	1.74571984332008323e-1	1.74835915080076815e-1	-2.63930748068491594e-4	2.63930748068491594e-4	2.63930748068491594e-1	12.1
1	6	2000	1.74703960250409102e-1	1.74835915080076815e-1	-1.31954829667713103e-4	1.31954829667713103e-4	2.63909659335426205e-1	24.6
1	6	5000	1.74783135637643972e-1	1.74835915080076815e-1	-5.27794424328431599e-5	5.27794424328431599e-5	2.63897212164215800e-1	61.2
1	6	10000	1.74809525774328262e-1	1.74835915080076815e-1	-2.63893057485531379e-5	2.63893057485531379e-5	2.63893057485531379e-1	123.1
1	6	20000	1.74822720531497111e-1	1.74835915080076815e-1	-1.31945485797035911e-5	1.31945485797035911e-5	2.63890971594071821e-1	242.3
1	6	50000	1.74830637285634360e-1	1.74835915080076815e-1	-5.27779444245424223e-6	5.27779444245424223e-6	2.63889722122712111e-1	594.6
1	7	10	1.33516401905958509e-1	1.60406037640770965e-1	-2.68896357348124559e-2	2.68896357348124559e-2	2.68896357348124559e-1	0.1
1	7	20	1.47558632098150788e-1	1.60406037640770965e-1	-1.28474055426201772e-2	1.28474055426201772e-2	2.56948110852403544e-1	0.2
1	7	50	1.55218054813472339e-1	1.60406037640770965e-1	-5.18798282729862614e-3	5.18798282729862614e-3	2.59399141364931307e-1	0.6
1	7	100	1.57784990376863388e-1	1.60406037640770965e-1	-2.62104726390757770e-3	2.62104726390757770e-3	2.62104726390757770e-1	1.1
1	7	200	1.59094121635536656e-1	1.60406037640770965e-1	-1.31191600523430929e-3	1.31191600523430929e-3	2.62383201046861858e-1	2.4
1	7	500	1.59881848699003348e-1	1.60406037640770965e-1	-5.24188941767617100e-4	5.24188941767617100e-4	2.62094470883808550e-1	5.9
1	7	1000	1.60144251544132643e-1	1.60406037640770965e-1	-2.61786096638322308e-4	2.61786096638322308e-4	2.61786096638322308e-1	11.8
1	7	2000	1.60275079265705112e-1	1.60406037640770965e-1	-1.30958375065853838e-4	1.30958375065853838e-4	2.61916750131707676e-1	23.7
1	7	5000	1.60353655739050610e-1	1.60406037640770965e-1	-5.23819017203552839e-5	5.23819017203552839e-5	2.61909508601776420e-1	60.2
1	7	10000	1.60379846212103633e-1	1.60406037640770965e-1	-2.61914286673325947e-5	2.61914286673325947e-5	2.61914286673325947e-1	121.3
1	7	20000	1.60392942700336327e-1	1.60406037640770965e-1	-1.30949404346381026e-5	1.30949404346381026e-5	2.61898808692762053e-1	242.6
1	7	50000	1.60400799593148846e-1	1.60406037640770965e-1	-5.23804762211921293e-6	5.23804762211921293e-6	2.61902381105960647e-1	604.9
1	8	10	1.22787765188783662e-1	1.48396088347476363e-1	-2.56083231586927001e-2	2.56083231586927001e-2	2.56083231586927029e-1	0.1
1	8	20	1.35080268722071073e-1	1.48396088347476363e-1	-1.33158196254052896e-2	1.33158196254052896e-2	2.66316392508105793e-1	0.3
1	8	50	1.43191821265848729e-1	1.48396088347476363e-1	-5.20426708162763374e-3	5.20426708162763374e-3	2.60213354081381687e-1	0.6
1	8	100	1.45779496715503498e-1	1.48396088347476363e-1	-2.61659163197286437e-3	2.61659163197286437e-3	2.61659163197286437e-1	1.3
1	8	200	1.47103364925046387e-1	1.48396088347476363e-1	-1.29272342242997551e-3	1.29272342242997551e-3	2.58544684485995102e-1	2.4
1	8	500	1.47874755496676585e-1	1.48396088347476363e-1	-5.21332850799777203e-4	5.21332850799777203e-4	2.60666425399888602e-1	5.7
1	8	1000	1.48136046568604240e-1	1.48396088347476363e-1	-2.60041778872122098e-4	2.60041778872122098e-4	2.60041778872122098e-1	12.0
1	8	2000	1.48265973750250801e-1	1.48396088347476363e-1	-1.30114597225561290e-4	1.30114597225561290e-4	2.60229194451122581e-1	23.4
1	8	5000	1.48344020013259054e-1	1.48396088347476363e-1	-5.20683342173089425e-5	5.20683342173089425e-5	2.60341671086544713e-1	60.5
1	8	10000	1.48370050430699396e-1	1.48396088347476363e-1	-2.60379167769664299e-5	2.60379167769664299e-5	2.60379167769664299e-1	123.0
1	8	20000	1.48383068451629241e-1	1.48396088347476363e-1	-1.30198958471217097e-5	1.30198958471217097e-5	2.60397916942434193e-1	281.8
1	8	50000	1.48390880164142147e-1	1.48396088347476363e-1	-5.20818333421546598e-6	5.20818333421546598e-6	2.60409166710773299e-1	707.5
1	9	10	1.14479666912735756e-1	1.38240172854165649e-1	-2.37605059414298936e-2	2.37605059414298936e-2	2.37605059414298936e-1	0.1
1	9	20	1.25420435766494587e-1	1.38240172854165649e-1	-1.28197370876710626e-2	1.28197370876710626e-2	2.56394741753421251e-1	0.2
1	9	50	1.32998860692007836e-1	1.38240172854165649e-1	-5.24131216215781293e-3	5.24131216215781293e-3	2.62065608107890646e-1	0.6
1	9	100	1.35667468261738672e-1	1.38240172854165649e-1	-2.57270459242697758e-3	2.57270459242697758e-3	2.57270459242697758e-1	1.1
1	9	200	1.36944652264471944e-1	1.38240172854165649e-1	-1.29552058969370498e-3	1.29552058969370498e-3	2.59104117938740997e-1	2.4
1	9	500	1.37721097829308525e-1	1.38240172854165649e-1	-5.19075024857124090e-4	5.19075024857124090e-4	2.59537512428562045e-1	6.0
1	9	1000	1.37981108505447952e-1	1.38240172854165649e-1	-2.59064348717696902e-4	2.59064348717696902e-4	2.59064348717696902e-1	12.1
1	9	2000	1.38110550250652719e-1	1.38240172854165649e-1	-1.29622603512929979e-4	1.29622603512929979e-4	2.59245207025859958e-1	24.5
1	9	5000	1.38188315445769816e-1	1.38240172854165649e-1	-5.18574083958334153e-5	5.18574083958334153e-5	2.59287041979167077e-1	61.2
1	9	10000	1.38214248873152423e-1	1.38240172854165649e-1	-2.59239810132261272e-5	2.59239810132261272e-5	2.59239810132261272e-1	123.6
1	9	20000	1.38227209960728820e-1	1.38240172854165649e-1	-1.29628934368297699e-5	1.29628934368297699e-5	2.59257868736595398e-1	243.5
1	9	50000	1.38234987613423899e-1	1.38240172854165649e-1	-5.18524074175075178e-6	5.18524074175075178e-6	2.59262037087537589e-1	609.9
1	10	10	1.07856164313505851e-1	1.29532205174082121e-1	-2.16760408605762706e-2	2.16760408605762706e-2	2.16760408605762706e-1	0.1
1	10	20	1.17721321582849148e-1	1.29532205174082121e-1	-1.18108835912329735e-2	1.18108835912329735e-2	2.36217671824659470e-1	0.2
1	10	50	1.24547120997114333e-1	1.29532205174082121e-1	-4.98508417696778838e-3	4.98508417696778838e-3	2.49254208848389419e-1	0.6
1	10	100	1.26994525885106457e-1	1.29532205174082121e-1	-2.53767928897566386e-3	2.53767928897566386e-3	2.53767928897566386e-1	1.2
1	10	200	1.28251976988876193e-1	1.29532205174082121e-1	-1.28022818520592829e-3	1.28022818520592829e-3	2.56045637041185659e-1	2.4
1	10	500	1.29017370669673448e-1	1.29532205174082121e-1	-5.14834504408673288e-4	5.14834504408673288e-4	2.57417252204336644e-1	6.0
1	10	1000	1.29274330031858731e-1	1.29532205174082121e-1	-2.57875142223390474e-4	2.57875142223390474e-4	2.57875142223390474e-1	11.6
1	10	2000	1.29403153073231247e-1	1.29532205174082121e-1	-1.29052100850873819e-4	1.29052100850873819e-4	2.58104201701747638e-1	25.0
1	10	5000	1.29480556839637662e-1	1.29532205174082121e-1	-5.16483344444595982e-5	5.16483344444595982e-5	2.58241672222297991e-1	60.3
1	10	10000	1.29506376423943637e-1	1.29532205174082121e-1	-2.58287501384846241e-5	2.58287501384846241e-5	2.58287501384846241e-1	121.3
1	10	20000	1.29519289653231506e-1	1.29532205174082121e-1	-1.29155208506148700e-5	1.29155208506148700e-5	2.58310417012297400e-1	244.0
1	10	50000	1.29527038690747692e-1	1.29532205174082121e-1	-5.16648333442892849e-6	5.16648333442892849e-6	2.58324166721446424e-1	612.2
2	3	10	2.61556040328934036e-1	2.74436842612735488e-1	-1.28808022838014513e-2	1.28808022838014513e-2	2.57616045676029026e-1	0.2
2	3	20	2.67815923665333744e-1	2.74436842612735488e-1	-6.62091894740174380e-3	6.62091894740174380e-3	2.64836757896069752e-1	0.3
2	3	50	2.71793931454163640e-1	2.74436842612735488e-1	-2.64291115857184788e-3	2.64291115857184788e-3	2.64291115857184788e-1	0.8
2	3	100	2.73120526573144895e-1	2.74436842612735488e-1	-1.31631603959059262e-3	1.31631603959059262e-3	2.63263207918118525e-1	1.7
2	3	200	2.73776862182125380e-1	2.74436842612735488e-1	-6.59980430610107582e-4	6.59980430610107582e-4	2.63992172244043033e-1	3.3
2	3	500	2.74172912197880259e-1	2.74436842612735488e-1	-2.63930414855229056e-4	2.63930414855229056e-4	2.63930414855229056e-1	8.3
2	3	1000	2.74304929421912980e-1	2.74436842612735488e-1	-1.31913190822507964e-4	1.31913190822507964e-4	2.63826381645015928e-1	16.1
2	3	2000	2.74370867788540140e-1	2.74436842612735488e-1	-6.59748241953472814e-5	6.59748241953472814e-5	2.63899296781389125e-1	33.7
2	3	5000	2.74410453307320279e-1	2.74436842612735488e-1	-2.63893054152086748e-5	2.63893054152086748e-5	2.63893054152086748e-1	83.3
2	3	10000	2.74423648480794702e-1	2.74436842612735488e-1	-1.31941319407857804e-5	1.31941319407857804e-5	2.63882638815715609e-1	166.6
2	3	20000	2.74430245364473802e-1	2.74436842612735488e-1	-6.59724826168606171e-6	6.59724826168606171e-6	2.63889930467442468e-1	328.0
2	3	50000	2.74434203719680081e-1	2.74436842612735488e-1	-2.63889305540665475e-6	2.63889305540665475e-6	2.63889305540665475e-1	826.4
2	5	10	2.04174331085012789e-1	2.16405234124713880e-1	-1.22309030397010909e-2	1.22309030397010909e-2	2.44618060794021819e-1	0.1
2	5	20	2.10123772852273738e-1	2.16405234124713880e-1	-6.28146127244014196e-3	6.28146127244014196e-3	2.51258450897605679e-1	0.3
2	5	50	2.13850724689577526e-1	2.16405234124713880e-1	-2.55450943513635398e-3	2.55450943513635398e-3	2.55450943513635398e-1	0.9
2	5	100	2.15120816547356764e-1	2.16405234124713880e-1	-1.28441757735711648e-3	1.28441757735711648e-3	2.56883515471423296e-1	1.4
2	5	200	2.15761218405092270e-1	2.16405234124713880e-1	-6.44015719621610083e-4	6.44015719621610083e-4	2.57606287848644033e-1	2.9
2	5	500	2.16147192119445775e-1	2.16405234124713880e-1	-2.58042005268105390e-4	2.58042005268105390e-4	2.58042005268105390e-1	7.5
2	5	1000	2.16276140332422567e-1	2.16405234124713880e-1	-1.29093792291312681e-4	1.29093792291312681e-4	2.58187584582625362e-1	14.8
2	5	2000	2.16340669015262943e-1	2.16405234124713880e-1	-6.45651094509369639e-5	6.45651094509369639e-5	2.58260437803747855e-1	28.9
2	5	5000	2.16379403707709111e-1	2.16405234124713880e-1	-2.58304170047685133e-5	2.58304170047685133e-5	2.58304170047685133e-1	73.5
2	5	10000	2.16392318187171612e-1	2.16405234124713880e-1	-1.29159375422682743e-5	1.29159375422682743e-5	2.58318750845365486e-1	149.1
2	5	20000	2.16398775973666940e-1	2.16405234124713880e-1	-6.45815104693969744e-6	6.45815104693969744e-6	2.58326041877587897e-1	297.1
2	5	50000	2.16402650820546882e-1	2.16405234124713880e-1	-2.58330416699759091e-6	2.58330416699759091e-6	2.58330416699759091e-1	739.6
2	7	10	1.66704716387890611e-1	1.78852759384283078e-1	-1.21480429963924663e-2	1.21480429963924663e-2	2.42960859927849326e-1	0.1
2	7	20	1.72435579495191310e-1	1.78852759384283078e-1	-6.41717988909176751e-3	6.41717988909176751e-3	2.56687195563670700e-1	0.3
2	7	50	1.76298764127444330e-1	1.78852759384283078e-1	-2.55399525683874806e-3	2.55399525683874806e-3	2.55399525683874806e-1	0.8
2	7	100	1.77573436815994495e-1	1.78852759384283078e-1	-1.27932256828858226e-3	1.27932256828858226e-3	2.55864513657716452e-1	1.4
2	7	200	1.78213223625473594e-1	1.78852759384283078e-1	-6.39535758809484101e-4	6.39535758809484101e-4	2.55814303523793640e-1	2.8
2	7	500	1.78597074807558348e-1	1.78852759384283078e-1	-2.55684576724729551e-4	2.55684576724729551e-4	2.55684576724729551e-1	7.0
2	7	1000	1.78724778663768014e-1	1.78852759384283078e-1	-1.27980720515064039e-4	1.27980720515064039e-4	2.55961441030128078e-1	13.9
2	7	2000	1.78788763480225626e-1	1.78852759384283078e-1	-6.39959040574511473e-5	6.39959040574511473e-5	2.55983616229804589e-1	28.0
2	7	5000	1.78827164324708160e-1	1.78852759384283078e-1	-2.55950595749177001e-5	2.55950595749177001e-5	2.55950595749177001e-1	69.7
2	7	10000	1.78839961899246946e-1	1.78852759384283078e-1	-1.27974850361312065e-5	1.27974850361312065e-5	2.55949700722624129e-1	140.4
2	7	20000	1.78846360608244326e-1	1.78852759384283078e-1	-6.39877603875182999e-6	6.39877603875182999e-6	2.55951041550073199e-1	277.2
2	7	50000	1.78850199858687303e-1	1.78852759384283078e-1	-2.55952559577443672e-6	2.55952559577443672e-6	2.55952559577443672e-1	689.8
2	9	10	1.40723536950223410e-1	1.53181637483942867e-1	-1.24581005337194572e-2	1.24581005337194572e-2	2.49162010674389145e-1	0.1
2	9	20	1.46791912590852447e-1	1.53181637483942867e-1	-6.38972489309042047e-3	6.38972489309042047e-3	2.55588995723616819e-1	0.3
2	9	50	1.50648763951102549e-1	1.53181637483942867e-1	-2.53287353284031846e-3	2.53287353284031846e-3	2.53287353284031846e-1	0.7
2	9	100	1.51910960869033745e-1	1.53181637483942867e-1	-1.27067661490912198e-3	1.27067661490912198e-3	2.54135322981824396e-1	1.3
2	9	200	1.52544805407888034e-1	1.53181637483942867e-1	-6.36832076054832941e-4	6.36832076054832941e-4	2.54732830421933176e-1	2.8
2	9	500	1.52927133789152181e-1	1.53181637483942867e-1	-2.54503694790686463e-4	2.54503694790686463e-4	2.54503694790686463e-1	6.7
2	9	1000	1.53054347017369280e-1	1.53181637483942867e-1	-1.27290466573587446e-4	1.27290466573587446e-4	2.54580933147174893e-1	13.7
2	9	2000	1.53117977474830275e-1	1.53181637483942867e-1	-6.36600091125927303e-5	6.36600091125927303e-5	2.54640036450370921e-1	27.5
2	9	5000	1.53156175771915454e-1	1.53181637483942867e-1	-2.54617120274136521e-5	2.54617120274136521e-5	2.54617120274136521e-1	68.3
2	9	10000	1.53168906245559788e-1	1.53181637483942867e-1	-1.27312383830791021e-5	1.27312383830791021e-5	2.54624767661582041e-1	137.8
2	9	20000	1.53175271717162914e-1	1.53181637483942867e-1	-6.36576677995326357e-6	6.36576677995326357e-6	2.54630671198130543e-1	274.8
2	9	50000	1.53179091200147499e-1	1.53181637483942867e-1	-2.54628379536825378e-6	2.54628379536825378e-6	2.54628379536825378e-1	672.8
3	4	10	2.23610959397427811e-1	2.32114633307753476e-1	-8.50367391032566533e-3	8.50367391032566533e-3	2.55110217309769960e-1	0.2
3	4	20	2.27910417342502697e-1	2.32114633307753476e-1	-4.20421596525077934e-3	4.20421596525077934e-3	2.52252957915046760e-1	0.4
3	4	50	2.30403645827596093e-1	2.32114633307753476e-1	-1.71098748015738322e-3	1.71098748015738322e-3	2.56648122023607483e-1	1.1
3	4	100	2.31261369921429066e-1	2.32114633307753476e-1	-8.53263386324409900e-4	8.53263386324409900e-4	2.55979015897322970e-1	1.8
3	4	200	2.31687199923558490e-1	2.32114633307753476e-1	-4.27433384194986221e-4	4.27433384194986221e-4	2.56460030516991733e-1	3.7
3	4	500	2.31943466460150682e-1	2.32114633307753476e-1	-1.71166847602793881e-4	1.71166847602793881e-4	2.56750271404190822e-1	9.3
3	4	1000	2.32029017544400112e-1	2.32114633307753476e-1	-8.56157633533638496e-5	8.56157633533638496e-5	2.56847290060091549e-1	18.6
3	4	2000	2.32071817332704960e-1	2.32114633307753476e-1	-4.28159750485157531e-5	4.28159750485157531e-5	2.56895850291094519e-1	37.2
3	4	5000	2.32097504974239283e-1	2.32114633307753476e-1	-1.71283335141936277e-5	1.71283335141936277e-5	2.56925002712904416e-1	90.5
3	4	10000	2.32106068816990141e-1	2.32114633307753476e-1	-8.56449076333531956e-6	8.56449076333531956e-6	2.56934722900059587e-1	184.5
3	4	20000	2.32110350981361763e-1	2.32114633307753476e-1	-4.28232639171355345e-6	4.28232639171355345e-6	2.56939583502813207e-1	370.2
3	4	50000	2.32112920357753300e-1	2.32114633307753476e-1	-1.71295000017668286e-6	1.71295000017668286e-6	2.56942500026502429e-1	928.2
3	5	10	1.98716280946755447e-1	2.06889770296346420e-1	-8.17348934959097329e-3	8.17348934959097329e-3	2.45204680487729199e-1	0.2
3	5	20	2.02719872369481247e-1	2.06889770296346420e-1	-4.16989792686517369e-3	4.16989792686517369e-3	2.50193875611910421e-1	0.3
3	5	50	2.05200674190647886e-1	2.06889770296346420e-1	-1.68909610569853430e-3	1.68909610569853430e-3	2.53364415854780145e-1	0.8
3	5	100	2.06041596281791362e-1	2.06889770296346420e-1	-8.48174014555058697e-4	8.48174014555058697e-4	2.54452204366517609e-1	1.7
3	5	200	2.06464767066596749e-1	2.06889770296346420e-1	-4.25003229749670863e-4	4.25003229749670863e-4	2.55001937849802518e-1	3.5
3	5	500	2.06719547867583897e-1	2.06889770296346420e-1	-1.70222428762523137e-4	1.70222428762523137e-4	2.55333643143784705e-1	8.7
3	5	1000	2.06804622122388121e-1	2.06889770296346420e-1	-8.51481739582993225e-5	8.51481739582993225e-5	2.55444521874897967e-1	17.1
3	5	2000	2.06847186959787294e-1	2.06889770296346420e-1	-4.25833365591266055e-5	4.25833365591266055e-5	2.55500019354759633e-1	33.8
3	5	5000	2.06872734740584430e-1	2.06889770296346420e-1	-1.70355557619905618e-5	1.70355557619905618e-5	2.55533336429858426e-1	86.1
3	5	10000	2.06881252148172462e-1	2.06889770296346420e-1	-8.51814817395823987e-6	8.51814817395823987e-6	2.55544445218747196e-1	171.7
3	5	20000	2.06885511129676514e-1	2.06889770296346420e-1	-4.25916666990655557e-6	4.25916666990655557e-6	2.55550000194393334e-1	339.7
3	5	50000	2.06888066607457316e-1	2.06889770296346420e-1	-1.70368888910421568e-6	1.70368888910421568e-6	2.55553333365632351e-1	866.3
3	7	10	1.64715201373772213e-1	1.73136742391617332e-1	-8.42154101784511888e-3	8.42154101784511888e-3	2.52646230535353566e-1	0.2
3	7	20	1.68872452234320930e-1	1.73136742391617332e-1	-4.26429015729640204e-3	4.26429015729640204e-3	2.55857409437784122e-1	0.4
3	7	50	1.71447246451928187e-1	1.73136742391617332e-1	-1.68949593968914513e-3	1.68949593968914513e-3	2.53424390953371770e-1	0.8
3	7	100	1.72294542439747067e-1	1.73136742391617332e-1	-8.42199951870264973e-4	8.42199951870264973e-4	2.52659985561079492e-1	1.5
3	7	200	1.72713760832362506e-1	1.73136742391617332e-1	-4.22981559254825834e-4	4.22981559254825834e-4	2.53788935552895500e-1	2.9
3	7	500	1.72967435802763914e-1	1.73136742391617332e-1	-1.69306588853418427e-4	1.69306588853418427e-4	2.53959883280127641e-1	7.8
3	7	1000	1.73052074383277854e-1	1.73136742391617332e-1	-8.46680083394779626e-5	8.46680083394779626e-5	2.54004025018433888e-1	15.9
3	7	2000	1.73094414682895908e-1	1.73136742391617332e-1	-4.23277087214235515e-5	4.23277087214235515e-5	2.53966252328541309e-1	31.9
3	7	5000	1.73119812920692534e-1	1.73136742391617332e-1	-1.69294709247980180e-5	1.69294709247980180e-5	2.53942063871970269e-1	80.4
3	7	10000	1.73128276902209138e-1	1.73136742391617332e-1	-8.46548940819369378e-6	8.46548940819369378e-6	2.53964682245810813e-1	159.6
3	7	20000	1.73132509610531615e-1	1.73136742391617332e-1	-4.23278108571678580e-6	4.23278108571678580e-6	2.53966865143007148e-1	316.0
3	7	50000	1.73135049265162155e-1	1.73136742391617332e-1	-1.69312645517671889e-6	1.69312645517671889e-6	2.53968968276507834e-1	788.1
3	8	10	1.51388950390343086e-1	1.59579576000371010e-1	-8.19062561002792400e-3	8.19062561002792400e-3	2.45718768300837720e-1	0.2
3	8	20	1.55346031990293704e-1	1.59579576000371010e-1	-4.23354401007730585e-3	4.23354401007730585e-3	2.54012640604638351e-1	0.3
3	8	50	1.57900768916885509e-1	1.59579576000371010e-1	-1.67880708348550067e-3	1.67880708348550067e-3	2.51821062522825101e-1	0.7
3	8	100	1.58734226385371630e-1	1.59579576000371010e-1	-8.45349614999379995e-4	8.45349614999379995e-4	2.53604884499813998e-1	1.5
3	8	200	1.59158390029721708e-1	1.59579576000371010e-1	-4.21185970649301522e-4	4.21185970649301522e-4	2.52711582389580913e-1	3.1
3	8	500	1.59410576165413320e-1	1.59579576000371010e-1	-1.68999834957689332e-4	1.68999834957689332e-4	2.53499752436533998e-1	7.7
3	8	1000	1.59495136142332045e-1	1.59579576000371010e-1	-8.44398580389649211e-5	8.44398580389649211e-5	2.53319574116894763e-1	14.6
3	8	2000	1.59537343356080774e-1	1.59579576000371010e-1	-4.22326442902354326e-5	4.22326442902354326e-5	2.53395865741412596e-1	30.9
3	8	5000	1.59562679888914261e-1	1.59579576000371010e-1	-1.68961114567489634e-5	1.68961114567489634e-5	2.53441671851234451e-1	76.4
3	8	10000	1.59571127435512994e-1	1.59579576000371010e-1	-8.44856485801570578e-6	8.44856485801570578e-6	2.53456945740471173e-1	153.7
3	8	20000	1.59575351590643372e-1	1.59579576000371010e-1	-4.22440972763782341e-6	4.22440972763782341e-6	2.53464583658269405e-1	305.7
3	8	50000	1.59577886205926223e-1	1.59579576000371010e-1	-1.68979444478689622e-6	1.68979444478689622e-6	2.53469166718034433e-1	759.8
3	10	10	1.31364756922472681e-1	1.39242866186998021e-1	-7.87810926452534033e-3	7.87810926452534033e-3	2.36343277935760210e-1	0.1
3	10	20	1.35173214532648134e-1	1.39242866186998021e-1	-4.06965165434988729e-3	4.06965165434988729e-3	2.44179099260993238e-1	0.3
3	10	50	1.37581291498354685e-1	1.39242866186998021e-1	-1.66157468864333580e-3	1.66157468864333580e-3	2.49236203296500369e-1	0.7
3	10	100	1.38406234316506144e-1	1.39242866186998021e-1	-8.36631870491877372e-4	8.36631870491877372e-4	2.50989561147563212e-1	1.5
3	10	200	1.38823067316721616e-1	1.39242866186998021e-1	-4.19798870276405500e-4	4.19798870276405500e-4	2.51879322165843300e-1	3.0
3	10	500	1.39074587949239520e-1	1.39242866186998021e-1	-1.68278237758501259e-4	1.68278237758501259e-4	2.52417356637751888e-1	7.4
3	10	1000	1.39158667055475305e-1	1.39242866186998021e-1	-8.41991315227164083e-5	8.41991315227164083e-5	2.52597394568149225e-1	14.0
3	10	2000	1.39200751596486788e-1	1.39242866186998021e-1	-4.21145905112330077e-5	4.21145905112330077e-5	2.52687543067398046e-1	29.7
3	10	5000	1.39226016742094311e-1	1.39242866186998021e-1	-1.68494449037104310e-5	1.68494449037104310e-5	2.52741673555656465e-1	73.4
3	10	10000	1.39234440862866543e-1	1.39242866186998021e-1	-8.42532413147800696e-6	8.42532413147800696e-6	2.52759723944340209e-1	149.2
3	10	20000	1.39238653374490845e-1	1.39242866186998021e-1	-4.21281250717608913e-6	4.21281250717608913e-6	2.52768750430565348e-1	302.4
3	10	50000	1.39241181025886451e-1	1.39242866186998021e-1	-1.68516111156979953e-6	1.68516111156979953e-6	2.52774166735469930e-1	761.4
4	5	10	1.91233939207620635e-1	1.97375838124524638e-1	-6.14189891690400391e-3	6.14189891690400391e-3	2.45675956676160157e-1	0.2
4	5	20	1.94254488541904552e-1	1.97375838124524638e-1	-3.12134958262008655e-3	3.12134958262008655e-3	2.49707966609606924e-1	0.4
4	5	50	1.96114195103253008e-1	1.97375838124524638e-1	-1.26164302127163008e-3	1.26164302127163008e-3	2.52328604254326017e-1	1.0
4	5	100	1.96742742108232865e-1	1.97375838124524638e-1	-6.33096016291773145e-4	6.33096016291773145e-4	2.53238406516709258e-1	2.0
4	5	200	1.97058712841764128e-1	1.97375838124524638e-1	-3.17125282760510885e-4	3.17125282760510885e-4	2.53700226208408708e-1	4.1
4	5	500	1.97248848356476714e-1	1.97375838124524638e-1	-1.26989768047924834e-4	1.26989768047924834e-4	2.53979536095849667e-1	10.2
4	5	1000	1.97312319872271269e-1	1.97375838124524638e-1	-6.35182522533694893e-5	6.35182522533694893e-5	2.54073009013477957e-1	19.5
4	5	2000	1.97344073147680654e-1	1.97375838124524638e-1	-3.17649768439842717e-5	3.17649768439842717e-5	2.54119814751874173e-1	40.6
4	5	5000	1.97363130728506614e-1	1.97375838124524638e-1	-1.27073960180246193e-5	1.27073960180246193e-5	2.54147920360492385e-1	99.4
4	5	10000	1.97369484192209899e-1	1.97375838124524638e-1	-6.35393231473990738e-6	6.35393231473990738e-6	2.54157292589596295e-1	199.5
4	5	20000	1.97372661099782160e-1	1.97375838124524638e-1	-3.17702474247893996e-6	3.17702474247893996e-6	2.54161979398315196e-1	398.2
4	5	50000	1.97374567300566128e-1	1.97375838124524638e-1	-1.27082395851019214e-6	1.27082395851019214e-6	2.54164791702038428e-1	1000.1
4	7	10	1.57558999423272839e-1	1.63712694770432682e-1	-6.15369534715984323e-3	6.15369534715984323e-3	2.46147813886393729e-1	0.2
4	7	20	1.60526898733209494e-1	1.63712694770432682e-1	-3.18579603722318749e-3	3.18579603722318749e-3	2.54863682977854999e-1	0.3
4	7	50	1.62452929740995400e-1	1.63712694770432682e-1	-1.25976502943728197e-3	1.25976502943728197e-3	2.51953005887456394e-1	0.9
4	7	100	1.63081678010129294e-1	1.63712694770432682e-1	-6.31016760303387825e-4	6.31016760303387825e-4	2.52406704121355130e-1	1.8
4	7	200	1.63396384366110037e-1	1.63712694770432682e-1	-3.16310404322645011e-4	3.16310404322645011e-4	2.53048323458116009e-1	3.3
4	7	500	1.63586272242213532e-1	1.63712694770432682e-1	-1.26422528219150010e-4	1.26422528219150010e-4	2.52845056438300020e-1	8.6
4	7	1000	1.63649441416208519e-1	1.63712694770432682e-1	-6.32533542241631164e-5	6.32533542241631164e-5	2.53013416896652465e-1	17.6
4	7	2000	1.63681076838827128e-1	1.63712694770432682e-1	-3.16179316055542614e-5	3.16179316055542614e-5	2.52943452844434091e-1	35.5
4	7	5000	1.63700046526470328e-1	1.63712694770432682e-1	-1.26482439623543108e-5	1.26482439623543108e-5	2.52964879247086216e-1	88.9
4	7	10000	1.63706370328490974e-1	1.63712694770432682e-1	-6.32444194170744822e-6	6.32444194170744822e-6	2.52977677668297929e-1	176.9
4	7	20000	1.63709532600602503e-1	1.63712694770432682e-1	-3.16216983017869602e-6	3.16216983017869602e-6	2.52973586414295681e-1	354.7
4	7	50000	1.63711429885760040e-1	1.63712694770432682e-1	-1.26488467264151971e-6	1.26488467264151971e-6	2.52976934528303943e-1	891.2
4	9	10	1.36091620522688667e-1	1.42342247070368966e-1	-6.25062654768029913e-3	6.25062654768029913e-3	2.50025061907211965e-1	0.2
4	9	20	1.39279574413572832e-1	1.42342247070368966e-1	-3.06267265679613376e-3	3.06267265679613376e-3	2.45013812543690701e-1	0.3
4	9	50	1.41080284096239850e-1	1.42342247070368966e-1	-1.26196297412911607e-3	1.26196297412911607e-3	2.52392594825823213e-1	0.8
4	9	100	1.41712222244994329e-1	1.42342247070368966e-1	-6.30024825374636555e-4	6.30024825374636555e-4	2.52009930149854622e-1	1.6
4	9	200	1.42027785357287301e-1	1.42342247070368966e-1	-3.14461713081665151e-4	3.14461713081665151e-4	2.51569370465332121e-1	3.3
4	9	500	1.42216083020145906e-1	1.42342247070368966e-1	-1.26164050223059876e-4	1.26164050223059876e-4	2.52328100446119752e-1	8.1
4	9	1000	1.42279176160852866e-1	1.42342247070368966e-1	-6.30709095160997268e-5	6.30709095160997268e-5	2.52283638064398907e-1	16.8
4	9	2000	1.42310717048839935e-1	1.42342247070368966e-1	-3.15300215290303942e-5	3.15300215290303942e-5	2.52240172232243154e-1	33.8
4	9	5000	1.42329631260484785e-1	1.42342247070368966e-1	-1.26158098841810951e-5	1.26158098841810951e-5	2.52316197683621901e-1	83.5
4	9	10000	1.42335939278105339e-1	1.42342247070368966e-1	-6.30779226362676582e-6	6.30779226362676582e-6	2.52311690545070633e-1	167.6
4	9	20000	1.42339093228498470e-1	1.42342247070368966e-1	-3.15384187049572162e-6	3.15384187049572162e-6	2.52307349639657730e-1	335.8
4	9	50000	1.42340985495600730e-1	1.42342247070368966e-1	-1.26157476823540726e-6	1.26157476823540726e-6	2.52314953647081452e-1	889.5
5	6	10	1.65759196484747434e-1	1.70855453455258183e-1	-5.09625697051074855e-3	5.09625697051074855e-3	2.54812848525537428e-1	0.2
5	6	20	1.68367651288815062e-1	1.70855453455258183e-1	-2.48780216644312047e-3	2.48780216644312047e-3	2.48780216644312047e-1	0.4
5	6	50	1.69850673679078357e-1	1.70855453455258183e-1	-1.00477977617982606e-3	1.00477977617982606e-3	2.51194944044956514e-1	1.0
5	6	100	1.70349344382638213e-1	1.70855453455258183e-1	-5.06109072619970179e-4	5.06109072619970179e-4	2.53054536309985090e-1	2.1
5	6	200	1.70603068451973428e-1	1.70855453455258183e-1	-2.52385003284755216e-4	2.52385003284755216e-4	2.52385003284755216e-1	4.1
5	6	500	1.70754405082923250e-1	1.70855453455258183e-1	-1.01048372334933134e-4	1.01048372334933134e-4	2.52620930837332835e-1	9.9
5	6	1000	1.70804892245754042e-1	1.70855453455258183e-1	-5.05612095041407805e-5	5.05612095041407805e-5	2.52806047520703903e-1	20.5
5	6	2000	1.70830179595283127e-1	1.70855453455258183e-1	-2.52738599750557125e-5	2.52738599750557125e-5	2.52738599750557125e-1	41.0
5	6	5000	1.70845342970886577e-1	1.70855453455258183e-1	-1.01104843716059989e-5	1.01104843716059989e-5	2.52762109290149972e-1	102.5
5	6	10000	1.70850397843048646e-1	1.70855453455258183e-1	-5.05561220953687496e-6	5.05561220953687496e-6	2.52780610476843748e-1	205.1
5	6	20000	1.70852925716648202e-1	1.70855453455258183e-1	-2.52773860998090072e-6	2.52773860998090072e-6	2.52773860998090072e-1	407.6
5	6	50000	1.70854442350413804e-1	1.70855453455258183e-1	-1.01110484437838544e-6	1.01110484437838544e-6	2.52776211094596359e-1	1012.5
5	7	10	1.49037501221975704e-1	1.54022856010670395e-1	-4.98535478869469029e-3	4.98535478869469029e-3	2.49267739434734514e-1	0.2
5	7	20	1.51485148166743744e-1	1.54022856010670395e-1	-2.53770784392665094e-3	2.53770784392665094e-3	2.53770784392665094e-1	0.4
5	7	50	1.53020150299674473e-1	1.54022856010670395e-1	-1.00270571099592143e-3	1.00270571099592143e-3	2.50676427748980357e-1	0.9
5	7	100	1.53518273123243287e-1	1.54022856010670395e-1	-5.04582887427107440e-4	5.04582887427107440e-4	2.52291443713553720e-1	1.8
5	7	200	1.53770903687188237e-1	1.54022856010670395e-1	-2.51952323482157459e-4	2.51952323482157459e-4	2.51952323482157459e-1	3.9
5	7	500	1.53921926536133014e-1	1.54022856010670395e-1	-1.00929474537381214e-4	1.00929474537381214e-4	2.52323686343453035e-1	9.6
5	7	1000	1.53972374107386484e-1	1.54022856010670395e-1	-5.04819032839110005e-5	5.04819032839110005e-5	2.52409516419555002e-1	18.9
5	7	2000	1.53997618916119072e-1	1.54022856010670395e-1	-2.52370945513225031e-5	2.52370945513225031e-5	2.52370945513225031e-1	37.8
5	7	5000	1.54012760841208712e-1	1.54022856010670395e-1	-1.00951694616824295e-5	1.00951694616824295e-5	2.52379236542060736e-1	96.6
5	7	10000	1.54017808563051806e-1	1.54022856010670395e-1	-5.04744761858910707e-6	5.04744761858910707e-6	2.52372380929455353e-1	191.9
5	7	20000	1.54020332244003189e-1	1.54022856010670395e-1	-2.52376666720621756e-6	2.52376666720621756e-6	2.52376666720621756e-1	388.6
5	7	50000	1.54021846484575176e-1	1.54022856010670395e-1	-1.00952609521920422e-6	1.00952609521920422e-6	2.52381523804801056e-1	956.8
5	8	10	1.37802850026089080e-1	1.42811874746671619e-1	-5.00902472058253889e-3	5.00902472058253889e-3	2.50451236029126945e-1	0.2
5	8	20	1.40296153803607049e-1	1.42811874746671619e-1	-2.51572094306456995e-3	2.51572094306456995e-3	2.51572094306456995e-1	0.4
5	8	50	1.41804671620416128e-1	1.42811874746671619e-1	-1.00720312625549036e-3	1.00720312625549036e-3	2.51800781563872589e-1	0.9
5	8	100	1.42307882575811590e-1	1.42811874746671619e-1	-5.03992170860029232e-4	5.03992170860029232e-4	2.51996085430014616e-1	1.8
5	8	200	1.42560330622667153e-1	1.42811874746671619e-1	-2.51544124004465797e-4	2.51544124004465797e-4	2.51544124004465797e-1	3.7
5	8	500	1.42711048142625280e-1	1.42811874746671619e-1	-1.00826604046339030e-4	1.00826604046339030e-4	2.52066510115847575e-1	8.7
5	8	1000	1.42761479727024798e-1	1.42811874746671619e-1	-5.03950196468205824e-5	5.03950196468205824e-5	2.51975098234102912e-1	18.0
5	8	2000	1.42786671827549339e-1	1.42811874746671619e-1	-2.52029191222802318e-5	2.52029191222802318e-5	2.52029191222802318e-1	37.0
5	8	5000	1.42801792279847795e-1	1.42811874746671619e-1	-1.00824668238241877e-5	1.00824668238241877e-5	2.52061670595604692e-1	93.3
5	8	10000	1.42806833296651975e-1	1.42811874746671619e-1	-5.04145001964384498e-6	5.04145001964384498e-6	2.52072500982192249e-1	184.6
5	8	20000	1.42809353967502495e-1	1.42811874746671619e-1	-2.52077916912396560e-6	2.52077916912396560e-6	2.52077916912396560e-1	365.6
5	8	50000	1.42810866422004801e-1	1.42811874746671619e-1	-1.00832466681799460e-6	1.00832466681799460e-6	2.52081166704498649e-1	912.6
5	9	10	1.30106240601182144e-1	1.35062697485323763e-1	-4.95645688414161900e-3	4.95645688414161900e-3	2.47822844207080950e-1	0.2
5	9	20	1.32584303734432141e-1	1.35062697485323763e-1	-2.47839375089162206e-3	2.47839375089162206e-3	2.47839375089162206e-1	0.4
5	9	50	1.34060309188850146e-1	1.35062697485323763e-1	-1.00238829647361638e-3	1.00238829647361638e-3	2.50597074118404095e-1	0.9
5	9	100	1.34559976035430101e-1	1.35062697485323763e-1	-5.02721449893661632e-4	5.02721449893661632e-4	2.51360724946830816e-1	1.8
5	9	200	1.34811251269443211e-1	1.35062697485323763e-1	-2.51446215880551938e-4	2.51446215880551938e-4	2.51446215880551938e-1	3.6
5	9	500	1.34962005761278842e-1	1.35062697485323763e-1	-1.00691724044921216e-4	1.00691724044921216e-4	2.51729310112303040e-1	8.7
5	9	1000	1.35012337097795782e-1	1.35062697485323763e-1	-5.03603875279812208e-5	5.03603875279812208e-5	2.51801937639906104e-1	17.8
5	9	2000	1.35037516355833137e-1	1.35062697485323763e-1	-2.51811294906256755e-5	2.51811294906256755e-5	2.51811294906256755e-1	35.3
5	9	5000	1.35052623900265983e-1	1.35062697485323763e-1	-1.00735850577793329e-5	1.00735850577793329e-5	2.51839626444483322e-1	88.9
5	9	10000	1.35057660548269620e-1	1.35062697485323763e-1	-5.03693705414254289e-6	5.03693705414254289e-6	2.51846852707127145e-1	177.0
5	9	20000	1.35060179007360948e-1	1.35062697485323763e-1	-2.51847796281512437e-6	2.51847796281512437e-6	2.51847796281512437e-1	350.7
5	9	50000	1.35061690082805358e-1	1.35062697485323763e-1	-1.00740251840480965e-6	1.00740251840480965e-6	2.51850629601202414e-1	1015.8
6	7	10	1.46258341482721682e-1	1.50366569608102879e-1	-4.10822812538119697e-3	4.10822812538119697e-3	2.46493687522871818e-1	0.2
6	7	20	1.48259526758643206e-1	1.50366569608102879e-1	-2.10704284945967268e-3	2.10704284945967268e-3	2.52845141935160722e-1	0.4
6	7	50	1.49534764652153401e-1	1.50366569608102879e-1	-8.31804955949477787e-4	8.31804955949477787e-4	2.49541486784843336e-1	1.0
6	7	100	1.49948270169980802e-1	1.50366569608102879e-1	-4.18299438122077261e-4	4.18299438122077261e-4	2.50979662873246356e-1	2.0
6	7	200	1.50156548143601798e-1	1.50366569608102879e-1	-2.10021464501081168e-4	2.10021464501081168e-4	2.52025757401297401e-1	4.2
6	7	500	1.50282606132150248e-1	1.50366569608102879e-1	-8.39634759526308727e-5	8.39634759526308727e-5	2.51890427857892618e-1	10.6
6	7	1000	1.50324569762357252e-1	1.50366569608102879e-1	-4.19998457456272067e-5	4.19998457456272067e-5	2.51999074473763240e-1	21.4
6	7	2000	1.50345569319777578e-1	1.50366569608102879e-1	-2.10002883253013195e-5	2.10002883253013195e-5	2.52003459903615834e-1	42.4
6	7	5000	1.50358170805231672e-1	1.50366569608102879e-1	-8.39880287120675639e-6	8.39880287120675639e-6	2.51964086136202692e-1	105.4
6	7	10000	1.50362369857792139e-1	1.50366569608102879e-1	-4.19975031074049099e-6	4.19975031074049099e-6	2.51985018644429459e-1	212.2
6	7	20000	1.50364469792046179e-1	1.50366569608102879e-1	-2.09981605669984361e-6	2.09981605669984361e-6	2.51977926803981234e-1	425.1
6	7	50000	1.50365729660020792e-1	1.50366569608102879e-1	-8.39948082087538239e-7	8.39948082087538239e-7	2.51984424626261472e-1	1044.3
7	8	10	1.30744338921839537e-1	1.34176502209684634e-1	-3.43216328784509694e-3	3.43216328784509694e-3	2.40251430149156786e-1	0.2
7	8	20	1.32389304833537808e-1	1.34176502209684634e-1	-1.78719737614682628e-3	1.78719737614682628e-3	2.50207632660555679e-1	0.4
7	8	50	1.33464659195866892e-1	1.34176502209684634e-1	-7.11843013817742287e-4	7.11843013817742287e-4	2.49145054836209801e-1	1.0
7	8	100	1.33817511767054281e-1	1.34176502209684634e-1	-3.58990442630352513e-4	3.58990442630352513e-4	2.51293309841246759e-1	2.0
7	8	200	1.33997183170836698e-1	1.34176502209684634e-1	-1.79319038847935985e-4	1.79319038847935985e-4	2.51046654387110380e-1	4.2
7	8	500	1.34104658857924219e-1	1.34176502209684634e-1	-7.18433517604144534e-5	7.18433517604144534e-5	2.51451731161450587e-1	10.5
7	8	1000	1.34140588065531197e-1	1.34176502209684634e-1	-3.59141441534371886e-5	3.59141441534371886e-5	2.51399009074060320e-1	21.5
7	8	2000	1.34158541959522648e-1	1.34176502209684634e-1	-1.79602501619857691e-5	1.79602501619857691e-5	2.51443502267800767e-1	42.7
7	8	5000	1.34169317345511019e-1	1.34176502209684634e-1	-7.18486417361496876e-6	7.18486417361496876e-6	2.51470246076523907e-1	108.0
7	8	10000	1.34172909650132316e-1	1.34176502209684634e-1	-3.59255955231785329e-6	3.59255955231785329e-6	2.51479168662249730e-1	215.4
7	8	20000	1.34174705898031404e-1	1.34176502209684634e-1	-1.79631165322935438e-6	1.79631165322935438e-6	2.51483631452109613e-1	432.5
7	8	50000	1.34175783677371485e-1	1.34176502209684634e-1	-7.18532313148667612e-7	7.18532313148667612e-7	2.51486309602033664e-1	1067.9
7	9	10	1.18913809045149810e-1	1.22364188483807299e-1	-3.45037943865748875e-3	3.45037943865748875e-3	2.41526560706024213e-1	0.2
7	9	20	1.20584141238108691e-1	1.22364188483807299e-1	-1.78004724569860717e-3	1.78004724569860717e-3	2.49206614397805004e-1	0.4
7	9	50	1.21651544050540003e-1	1.22364188483807299e-1	-7.12644433267295430e-4	7.12644433267295430e-4	2.49425551643553400e-1	1.0
7	9	100	1.22006624163860530e-1	1.22364188483807299e-1	-3.57564319946768183e-4	3.57564319946768183e-4	2.50295023962737728e-1	2.1
7	9	200	1.22184818679460655e-1	1.22364188483807299e-1	-1.79369804346643513e-4	1.79369804346643513e-4	2.51117726085300919e-1	4.1
7	9	500	1.22292436384472791e-1	1.22364188483807299e-1	-7.17520993345072133e-5	7.17520993345072133e-5	2.51132347670775247e-1	10.3
7	9	1000	1.22328299967380608e-1	1.22364188483807299e-1	-3.58885164266908863e-5	3.58885164266908863e-5	2.51219614986836204e-1	20.6
7	9	2000	1.22346238317126835e-1	1.22364188483807299e-1	-1.79501666804637861e-5	1.79501666804637861e-5	2.51302333526493005e-1	40.1
7	9	5000	1.22357008377966536e-1	1.22364188483807299e-1	-7.18010584076222980e-6	7.18010584076222980e-6	2.51303704426678043e-1	104.9
7	9	10000	1.22360598306175253e-1	1.22364188483807299e-1	-3.59017763204572127e-6	3.59017763204572127e-6	2.51312434243200489e-1	203.5
7	9	20000	1.22362393335875799e-1	1.22364188483807299e-1	-1.79514793149926355e-6	1.79514793149926355e-6	2.51320710409896897e-1	405.2
7	9	50000	1.22363470424245682e-1	1.22364188483807299e-1	-7.18059561616302133e-7	7.18059561616302133e-7	2.51320846565705747e-1	1017.1
7	10	10	1.10982672281142877e-1	1.14441115848824021e-1	-3.45844356768114369e-3	3.45844356768114369e-3	2.42091049737680059e-1	0.2
7	10	20	1.12681077734537310e-1	1.14441115848824021e-1	-1.76003811428671053e-3	1.76003811428671053e-3	2.46405336000139474e-1	0.4
7	10	50	1.13729082280176572e-1	1.14441115848824021e-1	-7.12033568647449377e-4	7.12033568647449377e-4	2.49211749026607282e-1	1.0
7	10	100	1.14083701731888781e-1	1.14441115848824021e-1	-3.57414116935239612e-4	3.57414116935239612e-4	2.50189881854667728e-1	2.0
7	10	200	1.14262053453842563e-1	1.14441115848824021e-1	-1.79062394981457929e-4	1.79062394981457929e-4	2.50687352974041100e-1	3.9
7	10	500	1.14369404835146640e-1	1.14441115848824021e-1	-7.17110136773807527e-5	7.17110136773807527e-5	2.50988547870832635e-1	9.8
7	10	1000	1.14405245934700889e-1	1.14441115848824021e-1	-3.58699141231322294e-5	3.58699141231322294e-5	2.51089398861925606e-1	19.7
7	10	2000	1.14423177283878477e-1	1.14441115848824021e-1	-1.79385649455438001e-5	1.79385649455438001e-5	2.51139909237613201e-1	39.0
7	10	5000	1.14433939556177727e-1	1.14441115848824021e-1	-7.17629264629371377e-6	7.17629264629371377e-6	2.51170242620279982e-1	97.7
7	10	10000	1.14437527557991539e-1	1.14441115848824021e-1	-3.58829083248191072e-6	3.58829083248191072e-6	2.51180358273733750e-1	200.5
7	10	20000	1.14439321667274385e-1	1.14441115848824021e-1	-1.79418154963584264e-6	1.79418154963584264e-6	2.51185416949017970e-1	391.9
7	10	50000	1.14440398167531376e-1	1.14441115848824021e-1	-7.17681292644600788e-7	7.17681292644600788e-7	2.51188452425610276e-1	980.1
8	9	10	1.18103567441135468e-1	1.21100212963458201e-1	-2.99664552232273285e-3	2.99664552232273285e-3	2.39731641785818628e-1	0.2
8	9	20	1.19570320700723640e-1	1.21100212963458201e-1	-1.52989226273456125e-3	1.52989226273456125e-3	2.44782762037529800e-1	0.4
8	9	50	1.20472172431362906e-1	1.21100212963458201e-1	-6.28040532095294757e-4	6.28040532095294757e-4	2.51216212838117903e-1	1.1
8	9	100	1.20787914900987392e-1	1.21100212963458201e-1	-3.12298062470808824e-4	3.12298062470808824e-4	2.49838449976647059e-1	2.1
8	9	200	1.20943648643585963e-1	1.21100212963458201e-1	-1.56564319872237734e-4	1.56564319872237734e-4	2.50502911795580374e-1	4.4
8	9	500	1.21037420336153112e-1	1.21100212963458201e-1	-6.27926273050888328e-5	6.27926273050888328e-5	2.51170509220355331e-1	10.9
8	9	1000	1.21068834975964962e-1	1.21100212963458201e-1	-3.13779874932390568e-5	3.13779874932390568e-5	2.51023899945912454e-1	21.8
8	9	2000	1.21084519721143632e-1	1.21100212963458201e-1	-1.56932423145683675e-5	1.56932423145683675e-5	2.51091877033093880e-1	44.2
8	9	5000	1.21093933993747030e-1	1.21100212963458201e-1	-6.27896971117092306e-6	6.27896971117092306e-6	2.51158788446836923e-1	110.5
8	9	10000	1.21097073662944740e-1	1.21100212963458201e-1	-3.13930051346056338e-6	3.13930051346056338e-6	2.51144041076845070e-1	219.1
8	9	20000	1.21098643270622794e-1	1.21100212963458201e-1	-1.56969283540697724e-6	1.56969283540697724e-6	2.51150853665116358e-1	439.1
8	9	50000	1.21099585069592647e-1	1.21100212963458201e-1	-6.27893865554063346e-7	6.27893865554063346e-7	2.51157546221625338e-1	1092.1
9	10	10	1.07615945434310425e-1	1.10333762800750607e-1	-2.71781736644018113e-3	2.71781736644018113e-3	2.44603562979616301e-1	0.2
9	10	20	1.08960248677170163e-1	1.10333762800750607e-1	-1.37351412358044378e-3	1.37351412358044378e-3	2.47232542244479880e-1	0.4
9	10	50	1.09779795900906599e-1	1.10333762800750607e-1	-5.53966899844007821e-4	5.53966899844007821e-4	2.49285104929803519e-1	1.1
9	10	100	1.10055900428597600e-1	1.10333762800750607e-1	-2.77862372153006576e-4	2.77862372153006576e-4	2.50076134937705918e-1	2.3
9	10	200	1.10194599698041795e-1	1.10333762800750607e-1	-1.39163102708811381e-4	1.39163102708811381e-4	2.50493584875860487e-1	4.4
9	10	500	1.10278040312667081e-1	1.10333762800750607e-1	-5.57224880835260894e-5	5.57224880835260894e-5	2.50751196375867402e-1	11.0
9	10	1000	1.10305891882742632e-1	1.10333762800750607e-1	-2.78709180079744767e-5	2.78709180079744767e-5	2.50838262071770290e-1	21.9
9	10	2000	1.10319824910793826e-1	1.10333762800750607e-1	-1.39378899567804693e-5	1.39378899567804693e-5	2.50882019222048447e-1	44.3
9	10	5000	1.10328187059743996e-1	1.10333762800750607e-1	-5.57574100661095695e-6	5.57574100661095695e-6	2.50908345297493063e-1	110.5
9	10	10000	1.10330974832610382e-1	1.10333762800750607e-1	-2.78796814022486128e-6	2.78796814022486128e-6	2.50917132620237515e-1	222.3
9	10	20000	1.10332368792258800e-1	1.10333762800750607e-1	-1.39400849180626452e-6	1.39400849180626452e-6	2.50921528525127613e-1	581.3
9	10	50000	1.10333205191491077e-1	1.10333762800750607e-1	-5.57609259529967538e-7	5.57609259529967538e-7	2.50924166788485392e-1	1106.7
