eps	B_eps	t	A	c_lean	c_div_tA	actual_zeta	bc_lower	check_vs_actual	check_vs_bc	ratio_actual	ratio_bc
0.1000	560.0000	2.0	1.0	6.624337284222998e-170	3.312168642111499e-170	5.364547071823328e-1	0.000000000000000e0	PASS	FAIL	1.619648e169	0.000000e0
0.1000	560.0000	2.0	5.0	6.624337284222998e-170	2.070105401319687e-171	5.364547071823328e-1	0.000000000000000e0	PASS	FAIL	2.591437e170	0.000000e0
0.1000	560.0000	2.0	10.0	6.624337284222998e-170	6.469079379124022e-173	5.364547071823328e-1	0.000000000000000e0	PASS	FAIL	8.292597e171	0.000000e0
0.1000	560.0000	2.0	50.0	6.624337284222998e-170	5.883593420661802e-185	5.364547071823328e-1	0.000000000000000e0	PASS	FAIL	9.117807e183	0.000000e0
0.1000	560.0000	2.0	100.0	6.624337284222998e-170	5.225680706521453e-200	5.364547071823328e-1	0.000000000000000e0	PASS	FAIL	1.026574e199	0.000000e0
0.1000	560.0000	2.0	200.0	6.624337284222998e-170	4.122335212542490e-230	5.364547071823328e-1	0.000000000000000e0	PASS	FAIL	1.301337e229	0.000000e0
0.1000	560.0000	2.0	500.0	6.624337284222998e-170	2.023692885365746e-320	5.364547071823328e-1	0.000000000000000e0	PASS	FAIL	inf	0.000000e0
0.1000	560.0000	2.0	1000.0	6.624337284222998e-170	0.000000000000000e0	5.364547071823328e-1	0.000000000000000e0	PASS	PASS	inf	inf
0.1000	560.0000	5.0	1.0	6.624337284222998e-170	1.324867456844600e-170	7.449071802597355e-1	0.000000000000000e0	PASS	FAIL	5.622503e169	0.000000e0
0.1000	560.0000	5.0	5.0	6.624337284222998e-170	2.119787930951360e-173	7.449071802597355e-1	0.000000000000000e0	PASS	FAIL	3.514065e172	0.000000e0
0.1000	560.0000	5.0	10.0	6.624337284222998e-170	6.783321379044351e-177	7.449071802597355e-1	0.000000000000000e0	PASS	FAIL	1.098145e176	0.000000e0
0.1000	560.0000	5.0	50.0	6.624337284222998e-170	7.458340731200794e-205	7.449071802597355e-1	0.000000000000000e0	PASS	FAIL	9.987572e203	0.000000e0
0.1000	560.0000	5.0	100.0	6.624337284222998e-170	8.397345134459523e-240	7.449071802597355e-1	0.000000000000000e0	PASS	FAIL	8.870746e238	0.000000e0
0.1000	560.0000	5.0	200.0	6.624337284222998e-170	1.064489960002120e-309	7.449071802597355e-1	0.000000000000000e0	PASS	FAIL	inf	0.000000e0
0.1000	560.0000	5.0	500.0	6.624337284222998e-170	0.000000000000000e0	7.449071802597355e-1	0.000000000000000e0	PASS	PASS	inf	inf
0.1000	560.0000	5.0	1000.0	6.624337284222998e-170	0.000000000000000e0	7.449071802597355e-1	0.000000000000000e0	PASS	PASS	inf	inf
0.1000	560.0000	10.0	1.0	6.624337284222998e-170	6.624337284222999e-171	1.477922446642045e0	0.000000000000000e0	PASS	FAIL	2.231050e170	0.000000e0
0.1000	560.0000	10.0	5.0	6.624337284222998e-170	6.624337284222999e-175	1.477922446642045e0	0.000000000000000e0	PASS	FAIL	2.231050e174	0.000000e0
0.1000	560.0000	10.0	10.0	6.624337284222998e-170	6.624337284222999e-180	1.477922446642045e0	0.000000000000000e0	PASS	FAIL	2.231050e179	0.000000e0
0.1000	560.0000	10.0	50.0	6.624337284222998e-170	6.624337284222997e-220	1.477922446642045e0	0.000000000000000e0	PASS	FAIL	2.231050e219	0.000000e0
0.1000	560.0000	10.0	100.0	6.624337284222998e-170	6.624337284222998e-270	1.477922446642045e0	0.000000000000000e0	PASS	FAIL	2.231050e269	0.000000e0
0.1000	560.0000	10.0	200.0	6.624337284222998e-170	0.000000000000000e0	1.477922446642045e0	0.000000000000000e0	PASS	PASS	inf	inf
0.1000	560.0000	10.0	500.0	6.624337284222998e-170	0.000000000000000e0	1.477922446642045e0	0.000000000000000e0	PASS	PASS	inf	inf
0.1000	560.0000	10.0	1000.0	6.624337284222998e-170	0.000000000000000e0	1.477922446642045e0	0.000000000000000e0	PASS	PASS	inf	inf
0.1000	560.0000	50.0	1.0	6.624337284222998e-170	1.324867456844600e-171	3.073426708283639e-1	0.000000000000000e0	PASS	FAIL	2.319799e170	0.000000e0
0.1000	560.0000	50.0	5.0	6.624337284222998e-170	2.119787930951360e-178	3.073426708283639e-1	0.000000000000000e0	PASS	FAIL	1.449875e177	0.000000e0
0.1000	560.0000	50.0	10.0	6.624337284222998e-170	6.783321379044350e-187	3.073426708283639e-1	0.000000000000000e0	PASS	FAIL	4.530858e185	0.000000e0
0.1000	560.0000	50.0	50.0	6.624337284222998e-170	7.458340731200795e-255	3.073426708283639e-1	0.000000000000000e0	PASS	FAIL	4.120791e253	0.000000e0
0.1000	560.0000	50.0	100.0	6.624337284222998e-170	0.000000000000000e0	3.073426708283639e-1	0.000000000000000e0	PASS	PASS	inf	inf
0.1000	560.0000	50.0	200.0	6.624337284222998e-170	0.000000000000000e0	3.073426708283639e-1	0.000000000000000e0	PASS	PASS	inf	inf
0.1000	560.0000	50.0	500.0	6.624337284222998e-170	0.000000000000000e0	3.073426708283639e-1	0.000000000000000e0	PASS	PASS	inf	inf
0.1000	560.0000	50.0	1000.0	6.624337284222998e-170	0.000000000000000e0	3.073426708283639e-1	0.000000000000000e0	PASS	PASS	inf	inf
0.1000	560.0000	100.0	1.0	6.624337284222998e-170	6.624337284222998e-172	2.345896179804772e0	0.000000000000000e0	PASS	FAIL	3.541330e171	0.000000e0
0.1000	560.0000	100.0	5.0	6.624337284222998e-170	6.624337284222999e-180	2.345896179804772e0	0.000000000000000e0	PASS	FAIL	3.541330e179	0.000000e0
0.1000	560.0000	100.0	10.0	6.624337284222998e-170	6.624337284222998e-190	2.345896179804772e0	0.000000000000000e0	PASS	FAIL	3.541330e189	0.000000e0
0.1000	560.0000	100.0	50.0	6.624337284222998e-170	6.624337284222998e-270	2.345896179804772e0	0.000000000000000e0	PASS	FAIL	3.541330e269	0.000000e0
0.1000	560.0000	100.0	100.0	6.624337284222998e-170	0.000000000000000e0	2.345896179804772e0	0.000000000000000e0	PASS	PASS	inf	inf
0.1000	560.0000	100.0	200.0	6.624337284222998e-170	0.000000000000000e0	2.345896179804772e0	0.000000000000000e0	PASS	PASS	inf	inf
0.1000	560.0000	100.0	500.0	6.624337284222998e-170	0.000000000000000e0	2.345896179804772e0	0.000000000000000e0	PASS	PASS	inf	inf
0.1000	560.0000	100.0	1000.0	6.624337284222998e-170	0.000000000000000e0	2.345896179804772e0	0.000000000000000e0	PASS	PASS	inf	inf
0.1000	560.0000	500.0	1.0	6.624337284222998e-170	1.324867456844600e-172	1.222398202095945e0	0.000000000000000e0	PASS	FAIL	9.226570e171	0.000000e0
0.1000	560.0000	500.0	5.0	6.624337284222998e-170	2.119787930951359e-183	1.222398202095945e0	0.000000000000000e0	PASS	FAIL	5.766606e182	0.000000e0
0.1000	560.0000	500.0	10.0	6.624337284222998e-170	6.783321379044350e-197	1.222398202095945e0	0.000000000000000e0	PASS	FAIL	1.802064e196	0.000000e0
0.1000	560.0000	500.0	50.0	6.624337284222998e-170	7.458340731200795e-305	1.222398202095945e0	0.000000000000000e0	PASS	FAIL	1.638968e304	0.000000e0
0.1000	560.0000	500.0	100.0	6.624337284222998e-170	0.000000000000000e0	1.222398202095945e0	0.000000000000000e0	PASS	PASS	inf	inf
0.1000	560.0000	500.0	200.0	6.624337284222998e-170	0.000000000000000e0	1.222398202095945e0	0.000000000000000e0	PASS	PASS	inf	inf
0.1000	560.0000	500.0	500.0	6.624337284222998e-170	0.000000000000000e0	1.222398202095945e0	0.000000000000000e0	PASS	PASS	inf	inf
0.1000	560.0000	500.0	1000.0	6.624337284222998e-170	0.000000000000000e0	1.222398202095945e0	0.000000000000000e0	PASS	PASS	inf	inf
0.1000	560.0000	1000.0	1.0	6.624337284222998e-170	6.624337284222998e-173	8.914485112325234e-1	0.000000000000000e0	PASS	FAIL	1.345717e172	0.000000e0
0.1000	560.0000	1000.0	5.0	6.624337284222998e-170	6.624337284222998e-185	8.914485112325234e-1	0.000000000000000e0	PASS	FAIL	1.345717e184	0.000000e0
0.1000	560.0000	1000.0	10.0	6.624337284222998e-170	6.624337284222998e-200	8.914485112325234e-1	0.000000000000000e0	PASS	FAIL	1.345717e199	0.000000e0
0.1000	560.0000	1000.0	50.0	6.624337284222998e-170	6.624432179439434e-320	8.914485112325234e-1	0.000000000000000e0	PASS	FAIL	inf	0.000000e0
0.1000	560.0000	1000.0	100.0	6.624337284222998e-170	0.000000000000000e0	8.914485112325234e-1	0.000000000000000e0	PASS	PASS	inf	inf
0.1000	560.0000	1000.0	200.0	6.624337284222998e-170	0.000000000000000e0	8.914485112325234e-1	0.000000000000000e0	PASS	PASS	inf	inf
0.1000	560.0000	1000.0	500.0	6.624337284222998e-170	0.000000000000000e0	8.914485112325234e-1	0.000000000000000e0	PASS	PASS	inf	inf
0.1000	560.0000	1000.0	1000.0	6.624337284222998e-170	0.000000000000000e0	8.914485112325234e-1	0.000000000000000e0	PASS	PASS	inf	inf
0.1000	560.0000	5000.0	1.0	6.624337284222998e-170	1.324867456844600e-173	6.320541779416599e-1	0.000000000000000e0	PASS	FAIL	4.770697e172	0.000000e0
0.1000	560.0000	5000.0	5.0	6.624337284222998e-170	2.119787930951359e-188	6.320541779416599e-1	0.000000000000000e0	PASS	FAIL	2.981686e187	0.000000e0
0.1000	560.0000	5000.0	10.0	6.624337284222998e-170	6.783321379044350e-207	6.320541779416599e-1	0.000000000000000e0	PASS	FAIL	9.317768e205	0.000000e0
0.1000	560.0000	5000.0	50.0	6.624337284222998e-170	0.000000000000000e0	6.320541779416599e-1	0.000000000000000e0	PASS	PASS	inf	inf
0.1000	560.0000	5000.0	100.0	6.624337284222998e-170	0.000000000000000e0	6.320541779416599e-1	0.000000000000000e0	PASS	PASS	inf	inf
0.1000	560.0000	5000.0	200.0	6.624337284222998e-170	0.000000000000000e0	6.320541779416599e-1	0.000000000000000e0	PASS	PASS	inf	inf
0.1000	560.0000	5000.0	500.0	6.624337284222998e-170	0.000000000000000e0	6.320541779416599e-1	0.000000000000000e0	PASS	PASS	inf	inf
0.1000	560.0000	5000.0	1000.0	6.624337284222998e-170	0.000000000000000e0	6.320541779416599e-1	0.000000000000000e0	PASS	PASS	inf	inf
0.1000	560.0000	10000.0	1.0	6.624337284222998e-170	6.624337284222998e-174	4.446395823913937e-1	0.000000000000000e0	PASS	FAIL	6.712212e172	0.000000e0
0.1000	560.0000	10000.0	5.0	6.624337284222998e-170	6.624337284222998e-190	4.446395823913937e-1	0.000000000000000e0	PASS	FAIL	6.712212e188	0.000000e0
0.1000	560.0000	10000.0	10.0	6.624337284222998e-170	6.624337284222998e-210	4.446395823913937e-1	0.000000000000000e0	PASS	FAIL	6.712212e208	0.000000e0
0.1000	560.0000	10000.0	50.0	6.624337284222998e-170	0.000000000000000e0	4.446395823913937e-1	0.000000000000000e0	PASS	PASS	inf	inf
0.1000	560.0000	10000.0	100.0	6.624337284222998e-170	0.000000000000000e0	4.446395823913937e-1	0.000000000000000e0	PASS	PASS	inf	inf
0.1000	560.0000	10000.0	200.0	6.624337284222998e-170	0.000000000000000e0	4.446395823913937e-1	0.000000000000000e0	PASS	PASS	inf	inf
0.1000	560.0000	10000.0	500.0	6.624337284222998e-170	0.000000000000000e0	4.446395823913937e-1	0.000000000000000e0	PASS	PASS	inf	inf
0.1000	560.0000	10000.0	1000.0	6.624337284222998e-170	0.000000000000000e0	4.446395823913937e-1	0.000000000000000e0	PASS	PASS	inf	inf
0.2500	200.0000	2.0	1.0	1.555753819465285e-61	7.778769097326427e-62	6.025928744142990e-1	8.805254571710120e-134	PASS	FAIL	7.746635e60	1.131960e-72
0.2500	200.0000	2.0	5.0	1.555753819465285e-61	4.861730685829017e-63	6.025928744142990e-1	8.805254571710120e-134	PASS	FAIL	1.239462e62	1.811136e-71
0.2500	200.0000	2.0	10.0	1.555753819465285e-61	1.519290839321568e-64	6.025928744142990e-1	8.805254571710120e-134	PASS	FAIL	3.966277e63	5.795635e-70
0.2500	200.0000	2.0	50.0	1.555753819465285e-61	1.381786968815111e-76	6.025928744142990e-1	8.805254571710120e-134	PASS	FAIL	4.360968e75	6.372368e-58
0.2500	200.0000	2.0	100.0	1.555753819465285e-61	1.227273366324432e-91	6.025928744142990e-1	8.805254571710120e-134	PASS	FAIL	4.910013e90	7.174648e-43
0.2500	200.0000	2.0	200.0	1.555753819465285e-61	9.681479787123296e-122	6.025928744142990e-1	8.805254571710120e-134	PASS	FAIL	6.224182e120	9.094947e-13
0.2500	200.0000	2.0	500.0	1.555753819465285e-61	4.752728915737900e-212	6.025928744142990e-1	8.805254571710120e-134	PASS	PASS	1.267888e211	1.852673e78
0.2500	200.0000	2.0	1000.0	1.555753819465285e-61	0.000000000000000e0	6.025928744142990e-1	8.805254571710120e-134	PASS	PASS	inf	inf
0.2500	200.0000	5.0	1.0	1.555753819465285e-61	3.111507638930571e-62	7.591575833003288e-1	2.173362549792176e-182	PASS	FAIL	2.439838e61	6.984918e-121
0.2500	200.0000	5.0	5.0	1.555753819465285e-61	4.978412222288914e-65	7.591575833003288e-1	2.173362549792176e-182	PASS	FAIL	1.524899e64	4.365574e-118
0.2500	200.0000	5.0	10.0	1.555753819465285e-61	1.593091911132452e-68	7.591575833003288e-1	2.173362549792176e-182	PASS	FAIL	4.765309e67	1.364242e-114
0.2500	200.0000	5.0	50.0	1.555753819465285e-61	1.751623080406021e-96	7.591575833003288e-1	2.173362549792176e-182	PASS	FAIL	4.334024e95	1.240771e-86
0.2500	200.0000	5.0	100.0	1.555753819465285e-61	1.972152263052530e-131	7.591575833003288e-1	2.173362549792176e-182	PASS	FAIL	3.849386e130	1.102026e-51
0.2500	200.0000	5.0	200.0	1.555753819465285e-61	2.500000000000000e-201	7.591575833003288e-1	2.173362549792176e-182	PASS	PASS	3.036630e200	8.693450e18
0.2500	200.0000	5.0	500.0	1.555753819465285e-61	0.000000000000000e0	7.591575833003288e-1	2.173362549792176e-182	PASS	PASS	inf	inf
0.2500	200.0000	5.0	1000.0	1.555753819465285e-61	0.000000000000000e0	7.591575833003288e-1	2.173362549792176e-182	PASS	PASS	inf	inf
0.2500	200.0000	10.0	1.0	1.555753819465285e-61	1.555753819465286e-62	1.449430930181348e0	3.315056789356482e-229	PASS	FAIL	9.316583e61	2.130836e-167
0.2500	200.0000	10.0	5.0	1.555753819465285e-61	1.555753819465286e-66	1.449430930181348e0	3.315056789356482e-229	PASS	FAIL	9.316583e65	2.130836e-163
0.2500	200.0000	10.0	10.0	1.555753819465285e-61	1.555753819465285e-71	1.449430930181348e0	3.315056789356482e-229	PASS	FAIL	9.316583e70	2.130836e-158
0.2500	200.0000	10.0	50.0	1.555753819465285e-61	1.555753819465285e-111	1.449430930181348e0	3.315056789356482e-229	PASS	FAIL	9.316583e110	2.130836e-118
0.2500	200.0000	10.0	100.0	1.555753819465285e-61	1.555753819465285e-161	1.449430930181348e0	3.315056789356482e-229	PASS	FAIL	9.316583e160	2.130836e-68
0.2500	200.0000	10.0	200.0	1.555753819465285e-61	1.555753819465285e-261	1.449430930181348e0	3.315056789356482e-229	PASS	PASS	9.316583e260	2.130836e32
0.2500	200.0000	10.0	500.0	1.555753819465285e-61	0.000000000000000e0	1.449430930181348e0	3.315056789356482e-229	PASS	PASS	inf	inf
0.2500	200.0000	10.0	1000.0	1.555753819465285e-61	0.000000000000000e0	1.449430930181348e0	3.315056789356482e-229	PASS	PASS	inf	inf
0.2500	200.0000	50.0	1.0	1.555753819465285e-61	3.111507638930571e-63	3.914731915364116e-1	0.000000000000000e0	PASS	FAIL	1.258146e62	0.000000e0
0.2500	200.0000	50.0	5.0	1.555753819465285e-61	4.978412222288914e-70	3.914731915364116e-1	0.000000000000000e0	PASS	FAIL	7.863415e68	0.000000e0
0.2500	200.0000	50.0	10.0	1.555753819465285e-61	1.593091911132452e-78	3.914731915364116e-1	0.000000000000000e0	PASS	FAIL	2.457317e77	0.000000e0
0.2500	200.0000	50.0	50.0	1.555753819465285e-61	1.751623080406021e-146	3.914731915364116e-1	0.000000000000000e0	PASS	FAIL	2.234917e145	0.000000e0
0.2500	200.0000	50.0	100.0	1.555753819465285e-61	1.972152263052529e-231	3.914731915364116e-1	0.000000000000000e0	PASS	FAIL	1.985005e230	0.000000e0
0.2500	200.0000	50.0	200.0	1.555753819465285e-61	0.000000000000000e0	3.914731915364116e-1	0.000000000000000e0	PASS	PASS	inf	inf
0.2500	200.0000	50.0	500.0	1.555753819465285e-61	0.000000000000000e0	3.914731915364116e-1	0.000000000000000e0	PASS	PASS	inf	inf
0.2500	200.0000	50.0	1000.0	1.555753819465285e-61	0.000000000000000e0	3.914731915364116e-1	0.000000000000000e0	PASS	PASS	inf	inf
0.2500	200.0000	100.0	1.0	1.555753819465285e-61	1.555753819465285e-63	1.995687757758477e0	0.000000000000000e0	PASS	FAIL	1.282779e63	0.000000e0
0.2500	200.0000	100.0	5.0	1.555753819465285e-61	1.555753819465285e-71	1.995687757758477e0	0.000000000000000e0	PASS	FAIL	1.282779e71	0.000000e0
0.2500	200.0000	100.0	10.0	1.555753819465285e-61	1.555753819465285e-81	1.995687757758477e0	0.000000000000000e0	PASS	FAIL	1.282779e81	0.000000e0
0.2500	200.0000	100.0	50.0	1.555753819465285e-61	1.555753819465285e-161	1.995687757758477e0	0.000000000000000e0	PASS	FAIL	1.282779e161	0.000000e0
0.2500	200.0000	100.0	100.0	1.555753819465285e-61	1.555753819465285e-261	1.995687757758477e0	0.000000000000000e0	PASS	FAIL	1.282779e261	0.000000e0
0.2500	200.0000	100.0	200.0	1.555753819465285e-61	0.000000000000000e0	1.995687757758477e0	0.000000000000000e0	PASS	PASS	inf	inf
0.2500	200.0000	100.0	500.0	1.555753819465285e-61	0.000000000000000e0	1.995687757758477e0	0.000000000000000e0	PASS	PASS	inf	inf
0.2500	200.0000	100.0	1000.0	1.555753819465285e-61	0.000000000000000e0	1.995687757758477e0	0.000000000000000e0	PASS	PASS	inf	inf
0.2500	200.0000	500.0	1.0	1.555753819465285e-61	3.111507638930571e-64	1.140639842022276e0	0.000000000000000e0	PASS	FAIL	3.665875e63	0.000000e0
0.2500	200.0000	500.0	5.0	1.555753819465285e-61	4.978412222288914e-75	1.140639842022276e0	0.000000000000000e0	PASS	FAIL	2.291172e74	0.000000e0
0.2500	200.0000	500.0	10.0	1.555753819465285e-61	1.593091911132452e-88	1.140639842022276e0	0.000000000000000e0	PASS	FAIL	7.159912e87	0.000000e0
0.2500	200.0000	500.0	50.0	1.555753819465285e-61	1.751623080406021e-196	1.140639842022276e0	0.000000000000000e0	PASS	FAIL	6.511902e195	0.000000e0
0.2500	200.0000	500.0	100.0	1.555753819465285e-61	0.000000000000000e0	1.140639842022276e0	0.000000000000000e0	PASS	PASS	inf	inf
0.2500	200.0000	500.0	200.0	1.555753819465285e-61	0.000000000000000e0	1.140639842022276e0	0.000000000000000e0	PASS	PASS	inf	inf
0.2500	200.0000	500.0	500.0	1.555753819465285e-61	0.000000000000000e0	1.140639842022276e0	0.000000000000000e0	PASS	PASS	inf	inf
0.2500	200.0000	500.0	1000.0	1.555753819465285e-61	0.000000000000000e0	1.140639842022276e0	0.000000000000000e0	PASS	PASS	inf	inf
0.2500	200.0000	1000.0	1.0	1.555753819465285e-61	1.555753819465285e-64	8.887270312636550e-1	0.000000000000000e0	PASS	FAIL	5.712517e63	0.000000e0
0.2500	200.0000	1000.0	5.0	1.555753819465285e-61	1.555753819465286e-76	8.887270312636550e-1	0.000000000000000e0	PASS	FAIL	5.712517e75	0.000000e0
0.2500	200.0000	1000.0	10.0	1.555753819465285e-61	1.555753819465285e-91	8.887270312636550e-1	0.000000000000000e0	PASS	FAIL	5.712517e90	0.000000e0
0.2500	200.0000	1000.0	50.0	1.555753819465285e-61	1.555753819465285e-211	8.887270312636550e-1	0.000000000000000e0	PASS	FAIL	5.712517e210	0.000000e0
0.2500	200.0000	1000.0	100.0	1.555753819465285e-61	0.000000000000000e0	8.887270312636550e-1	0.000000000000000e0	PASS	PASS	inf	inf
0.2500	200.0000	1000.0	200.0	1.555753819465285e-61	0.000000000000000e0	8.887270312636550e-1	0.000000000000000e0	PASS	PASS	inf	inf
0.2500	200.0000	1000.0	500.0	1.555753819465285e-61	0.000000000000000e0	8.887270312636550e-1	0.000000000000000e0	PASS	PASS	inf	inf
0.2500	200.0000	1000.0	1000.0	1.555753819465285e-61	0.000000000000000e0	8.887270312636550e-1	0.000000000000000e0	PASS	PASS	inf	inf
0.2500	200.0000	5000.0	1.0	1.555753819465285e-61	3.111507638930571e-65	5.927484037308708e-1	0.000000000000000e0	PASS	FAIL	1.905020e64	0.000000e0
0.2500	200.0000	5000.0	5.0	1.555753819465285e-61	4.978412222288913e-80	5.927484037308708e-1	0.000000000000000e0	PASS	FAIL	1.190637e79	0.000000e0
0.2500	200.0000	5000.0	10.0	1.555753819465285e-61	1.593091911132452e-98	5.927484037308708e-1	0.000000000000000e0	PASS	FAIL	3.720742e97	0.000000e0
0.2500	200.0000	5000.0	50.0	1.555753819465285e-61	1.751623080406021e-246	5.927484037308708e-1	0.000000000000000e0	PASS	FAIL	3.383995e245	0.000000e0
0.2500	200.0000	5000.0	100.0	1.555753819465285e-61	0.000000000000000e0	5.927484037308708e-1	0.000000000000000e0	PASS	PASS	inf	inf
0.2500	200.0000	5000.0	200.0	1.555753819465285e-61	0.000000000000000e0	5.927484037308708e-1	0.000000000000000e0	PASS	PASS	inf	inf
0.2500	200.0000	5000.0	500.0	1.555753819465285e-61	0.000000000000000e0	5.927484037308708e-1	0.000000000000000e0	PASS	PASS	inf	inf
0.2500	200.0000	5000.0	1000.0	1.555753819465285e-61	0.000000000000000e0	5.927484037308708e-1	0.000000000000000e0	PASS	PASS	inf	inf
0.2500	200.0000	10000.0	1.0	1.555753819465285e-61	1.555753819465286e-65	6.378654458085654e-1	0.000000000000000e0	PASS	FAIL	4.100041e64	0.000000e0
0.2500	200.0000	10000.0	5.0	1.555753819465285e-61	1.555753819465285e-81	6.378654458085654e-1	0.000000000000000e0	PASS	FAIL	4.100041e80	0.000000e0
0.2500	200.0000	10000.0	10.0	1.555753819465285e-61	1.555753819465285e-101	6.378654458085654e-1	0.000000000000000e0	PASS	FAIL	4.100041e100	0.000000e0
0.2500	200.0000	10000.0	50.0	1.555753819465285e-61	1.555753819465285e-261	6.378654458085654e-1	0.000000000000000e0	PASS	FAIL	4.100041e260	0.000000e0
0.2500	200.0000	10000.0	100.0	1.555753819465285e-61	0.000000000000000e0	6.378654458085654e-1	0.000000000000000e0	PASS	PASS	inf	inf
0.2500	200.0000	10000.0	200.0	1.555753819465285e-61	0.000000000000000e0	6.378654458085654e-1	0.000000000000000e0	PASS	PASS	inf	inf
0.2500	200.0000	10000.0	500.0	1.555753819465285e-61	0.000000000000000e0	6.378654458085654e-1	0.000000000000000e0	PASS	PASS	inf	inf
0.2500	200.0000	10000.0	1000.0	1.555753819465285e-61	0.000000000000000e0	6.378654458085654e-1	0.000000000000000e0	PASS	PASS	inf	inf
0.5000	80.0000	2.0	1.0	2.067951531382569e-25	1.033975765691285e-25	6.899732168256925e-1	2.610121787199407e-54	PASS	FAIL	6.673011e24	2.524355e-29
0.5000	80.0000	2.0	5.0	2.067951531382569e-25	6.462348535570529e-27	6.899732168256925e-1	2.610121787199407e-54	PASS	FAIL	1.067682e26	4.038968e-28
0.5000	80.0000	2.0	10.0	2.067951531382569e-25	2.019483917365790e-28	6.899732168256925e-1	2.610121787199407e-54	PASS	FAIL	3.416582e27	1.292470e-26
0.5000	80.0000	2.0	50.0	2.067951531382569e-25	1.836709923159824e-40	6.899732168256925e-1	2.610121787199407e-54	PASS	FAIL	3.756572e39	1.421085e-14
0.5000	80.0000	2.0	100.0	2.067951531382569e-25	1.631326116999631e-55	6.899732168256925e-1	2.610121787199407e-54	PASS	PASS	4.229524e54	1.600000e1
0.5000	80.0000	2.0	200.0	2.067951531382569e-25	1.286889397367007e-85	6.899732168256925e-1	2.610121787199407e-54	PASS	PASS	5.361558e84	2.028241e31
0.5000	80.0000	2.0	500.0	2.067951531382569e-25	6.317460331175305e-176	6.899732168256925e-1	2.610121787199407e-54	PASS	PASS	1.092169e175	4.131600e121
0.5000	80.0000	2.0	1000.0	2.067951531382569e-25	0.000000000000000e0	6.899732168256925e-1	2.610121787199407e-54	PASS	PASS	inf	inf
0.5000	80.0000	5.0	1.0	2.067951531382569e-25	4.135903062765139e-26	7.808260153979032e-1	9.410590528568699e-74	PASS	FAIL	1.887921e25	2.275341e-48
0.5000	80.0000	5.0	5.0	2.067951531382569e-25	6.617444900424222e-29	7.808260153979032e-1	9.410590528568699e-74	PASS	FAIL	1.179951e28	1.422088e-45
0.5000	80.0000	5.0	10.0	2.067951531382569e-25	2.117582368135751e-32	7.808260153979032e-1	9.410590528568699e-74	PASS	FAIL	3.687347e31	4.444026e-42
0.5000	80.0000	5.0	50.0	2.067951531382569e-25	2.328306436538696e-60	7.808260153979032e-1	9.410590528568699e-74	PASS	FAIL	3.353622e59	4.041818e-14
0.5000	80.0000	5.0	100.0	2.067951531382569e-25	2.621440000000000e-95	7.808260153979032e-1	9.410590528568699e-74	PASS	PASS	2.978615e94	3.589855e21
0.5000	80.0000	5.0	200.0	2.067951531382569e-25	3.323069989462290e-165	7.808260153979032e-1	9.410590528568699e-74	PASS	PASS	2.349713e164	2.831897e91
0.5000	80.0000	5.0	500.0	2.067951531382569e-25	0.000000000000000e0	7.808260153979032e-1	9.410590528568699e-74	PASS	PASS	inf	inf
0.5000	80.0000	5.0	1000.0	2.067951531382569e-25	0.000000000000000e0	7.808260153979032e-1	9.410590528568699e-74	PASS	PASS	inf	inf
0.5000	80.0000	10.0	1.0	2.067951531382569e-25	2.067951531382569e-26	1.390235884831393e0	1.765876773086794e-92	PASS	FAIL	6.722768e25	8.539256e-67
0.5000	80.0000	10.0	5.0	2.067951531382569e-25	2.067951531382569e-30	1.390235884831393e0	1.765876773086794e-92	PASS	FAIL	6.722768e29	8.539256e-63
0.5000	80.0000	10.0	10.0	2.067951531382569e-25	2.067951531382569e-35	1.390235884831393e0	1.765876773086794e-92	PASS	FAIL	6.722768e34	8.539256e-58
0.5000	80.0000	10.0	50.0	2.067951531382569e-25	2.067951531382569e-75	1.390235884831393e0	1.765876773086794e-92	PASS	FAIL	6.722768e74	8.539256e-18
0.5000	80.0000	10.0	100.0	2.067951531382569e-25	2.067951531382569e-125	1.390235884831393e0	1.765876773086794e-92	PASS	PASS	6.722768e124	8.539256e32
0.5000	80.0000	10.0	200.0	2.067951531382569e-25	2.067951531382569e-225	1.390235884831393e0	1.765876773086794e-92	PASS	PASS	6.722768e224	8.539256e132
0.5000	80.0000	10.0	500.0	2.067951531382569e-25	0.000000000000000e0	1.390235884831393e0	1.765876773086794e-92	PASS	PASS	inf	inf
0.5000	80.0000	10.0	1000.0	2.067951531382569e-25	0.000000000000000e0	1.390235884831393e0	1.765876773086794e-92	PASS	PASS	inf	inf
0.5000	80.0000	50.0	1.0	2.067951531382569e-25	4.135903062765138e-27	5.231890581175177e-1	2.000748902169373e-143	PASS	FAIL	1.264994e26	4.837514e-117
0.5000	80.0000	50.0	5.0	2.067951531382569e-25	6.617444900424222e-34	5.231890581175177e-1	2.000748902169373e-143	PASS	FAIL	7.906210e32	3.023446e-110
0.5000	80.0000	50.0	10.0	2.067951531382569e-25	2.117582368135751e-42	5.231890581175177e-1	2.000748902169373e-143	PASS	FAIL	2.470690e41	9.448270e-102
0.5000	80.0000	50.0	50.0	2.067951531382569e-25	2.328306436538696e-110	5.231890581175177e-1	2.000748902169373e-143	PASS	FAIL	2.247080e109	8.593151e-34
0.5000	80.0000	50.0	100.0	2.067951531382569e-25	2.621440000000000e-195	5.231890581175177e-1	2.000748902169373e-143	PASS	PASS	1.995808e194	7.632251e51
0.5000	80.0000	50.0	200.0	2.067951531382569e-25	0.000000000000000e0	5.231890581175177e-1	2.000748902169373e-143	PASS	PASS	inf	inf
0.5000	80.0000	50.0	500.0	2.067951531382569e-25	0.000000000000000e0	5.231890581175177e-1	2.000748902169373e-143	PASS	PASS	inf	inf
0.5000	80.0000	50.0	1000.0	2.067951531382569e-25	0.000000000000000e0	5.231890581175177e-1	2.000748902169373e-143	PASS	PASS	inf	inf
0.5000	80.0000	100.0	1.0	2.067951531382569e-25	2.067951531382569e-27	1.632168664829385e0	7.824315191904862e-167	PASS	FAIL	7.892683e26	3.783607e-140
0.5000	80.0000	100.0	5.0	2.067951531382569e-25	2.067951531382569e-35	1.632168664829385e0	7.824315191904862e-167	PASS	FAIL	7.892683e34	3.783607e-132
0.5000	80.0000	100.0	10.0	2.067951531382569e-25	2.067951531382569e-45	1.632168664829385e0	7.824315191904862e-167	PASS	FAIL	7.892683e44	3.783607e-122
0.5000	80.0000	100.0	50.0	2.067951531382569e-25	2.067951531382569e-125	1.632168664829385e0	7.824315191904862e-167	PASS	FAIL	7.892683e124	3.783607e-42
0.5000	80.0000	100.0	100.0	2.067951531382569e-25	2.067951531382569e-225	1.632168664829385e0	7.824315191904862e-167	PASS	PASS	7.892683e224	3.783607e58
0.5000	80.0000	100.0	200.0	2.067951531382569e-25	0.000000000000000e0	1.632168664829385e0	7.824315191904862e-167	PASS	PASS	inf	inf
0.5000	80.0000	100.0	500.0	2.067951531382569e-25	0.000000000000000e0	1.632168664829385e0	7.824315191904862e-167	PASS	PASS	inf	inf
0.5000	80.0000	100.0	1000.0	2.067951531382569e-25	0.000000000000000e0	1.632168664829385e0	7.824315191904862e-167	PASS	PASS	inf	inf
0.5000	80.0000	500.0	1.0	2.067951531382569e-25	4.135903062765138e-28	1.127745748089189e0	3.350909559424978e-222	PASS	FAIL	2.726722e27	8.102002e-195
0.5000	80.0000	500.0	5.0	2.067951531382569e-25	6.617444900424222e-39	1.127745748089189e0	3.350909559424978e-222	PASS	FAIL	1.704201e38	5.063751e-184
0.5000	80.0000	500.0	10.0	2.067951531382569e-25	2.117582368135751e-52	1.127745748089189e0	3.350909559424978e-222	PASS	FAIL	5.325629e51	1.582422e-170
0.5000	80.0000	500.0	50.0	2.067951531382569e-25	2.328306436538696e-160	1.127745748089189e0	3.350909559424978e-222	PASS	FAIL	4.843631e159	1.439205e-62
0.5000	80.0000	500.0	100.0	2.067951531382569e-25	2.621440000000000e-295	1.127745748089189e0	3.350909559424978e-222	PASS	PASS	4.302009e294	1.278271e73
0.5000	80.0000	500.0	200.0	2.067951531382569e-25	0.000000000000000e0	1.127745748089189e0	3.350909559424978e-222	PASS	PASS	inf	inf
0.5000	80.0000	500.0	500.0	2.067951531382569e-25	0.000000000000000e0	1.127745748089189e0	3.350909559424978e-222	PASS	PASS	inf	inf
0.5000	80.0000	500.0	1000.0	2.067951531382569e-25	0.000000000000000e0	1.127745748089189e0	3.350909559424978e-222	PASS	PASS	inf	inf
0.5000	80.0000	1000.0	1.0	2.067951531382569e-25	2.067951531382569e-28	9.424755047004048e-1	3.251190038044125e-246	PASS	FAIL	4.557532e27	1.572179e-218
0.5000	80.0000	1000.0	5.0	2.067951531382569e-25	2.067951531382569e-40	9.424755047004048e-1	3.251190038044125e-246	PASS	FAIL	4.557532e39	1.572179e-206
0.5000	80.0000	1000.0	10.0	2.067951531382569e-25	2.067951531382569e-55	9.424755047004048e-1	3.251190038044125e-246	PASS	FAIL	4.557532e54	1.572179e-191
0.5000	80.0000	1000.0	50.0	2.067951531382569e-25	2.067951531382569e-175	9.424755047004048e-1	3.251190038044125e-246	PASS	FAIL	4.557532e174	1.572179e-71
0.5000	80.0000	1000.0	100.0	2.067951531382569e-25	0.000000000000000e0	9.424755047004048e-1	3.251190038044125e-246	PASS	PASS	inf	inf
0.5000	80.0000	1000.0	200.0	2.067951531382569e-25	0.000000000000000e0	9.424755047004048e-1	3.251190038044125e-246	PASS	PASS	inf	inf
0.5000	80.0000	1000.0	500.0	2.067951531382569e-25	0.000000000000000e0	9.424755047004048e-1	3.251190038044125e-246	PASS	PASS	inf	inf
0.5000	80.0000	1000.0	1000.0	2.067951531382569e-25	0.000000000000000e0	9.424755047004048e-1	3.251190038044125e-246	PASS	PASS	inf	inf
0.5000	80.0000	5000.0	1.0	2.067951531382569e-25	4.135903062765139e-29	6.287535252546365e-1	4.466476841069263e-302	PASS	FAIL	1.520233e28	1.079928e-273
0.5000	80.0000	5000.0	5.0	2.067951531382569e-25	6.617444900424221e-44	6.287535252546365e-1	4.466476841069263e-302	PASS	FAIL	9.501455e42	6.749549e-259
0.5000	80.0000	5000.0	10.0	2.067951531382569e-25	2.117582368135751e-62	6.287535252546365e-1	4.466476841069263e-302	PASS	FAIL	2.969205e61	2.109234e-240
0.5000	80.0000	5000.0	50.0	2.067951531382569e-25	2.328306436538696e-210	6.287535252546365e-1	4.466476841069263e-302	PASS	FAIL	2.700476e209	1.918337e-92
0.5000	80.0000	5000.0	100.0	2.067951531382569e-25	0.000000000000000e0	6.287535252546365e-1	4.466476841069263e-302	PASS	PASS	inf	inf
0.5000	80.0000	5000.0	200.0	2.067951531382569e-25	0.000000000000000e0	6.287535252546365e-1	4.466476841069263e-302	PASS	PASS	inf	inf
0.5000	80.0000	5000.0	500.0	2.067951531382569e-25	0.000000000000000e0	6.287535252546365e-1	4.466476841069263e-302	PASS	PASS	inf	inf
0.5000	80.0000	5000.0	1000.0	2.067951531382569e-25	0.000000000000000e0	6.287535252546365e-1	4.466476841069263e-302	PASS	PASS	inf	inf
0.5000	80.0000	10000.0	1.0	2.067951531382569e-25	2.067951531382569e-29	7.703342933291955e-1	0.000000000000000e0	PASS	FAIL	3.725108e28	0.000000e0
0.5000	80.0000	10000.0	5.0	2.067951531382569e-25	2.067951531382569e-45	7.703342933291955e-1	0.000000000000000e0	PASS	FAIL	3.725108e44	0.000000e0
0.5000	80.0000	10000.0	10.0	2.067951531382569e-25	2.067951531382569e-65	7.703342933291955e-1	0.000000000000000e0	PASS	FAIL	3.725108e64	0.000000e0
0.5000	80.0000	10000.0	50.0	2.067951531382569e-25	2.067951531382569e-225	7.703342933291955e-1	0.000000000000000e0	PASS	FAIL	3.725108e224	0.000000e0
0.5000	80.0000	10000.0	100.0	2.067951531382569e-25	0.000000000000000e0	7.703342933291955e-1	0.000000000000000e0	PASS	PASS	inf	inf
0.5000	80.0000	10000.0	200.0	2.067951531382569e-25	0.000000000000000e0	7.703342933291955e-1	0.000000000000000e0	PASS	PASS	inf	inf
0.5000	80.0000	10000.0	500.0	2.067951531382569e-25	0.000000000000000e0	7.703342933291955e-1	0.000000000000000e0	PASS	PASS	inf	inf
0.5000	80.0000	10000.0	1000.0	2.067951531382569e-25	0.000000000000000e0	7.703342933291955e-1	0.000000000000000e0	PASS	PASS	inf	inf
