N	d2_N	lambda_min	gpu_ms	dd_s	D_N	b_vmin_proj
3	8.309190354316298e-2	6.798242599009520e-2	23.7	0.00	1.062393656080454e0	1.268807545985462e-2
4	6.905566372038019e-2	4.191313586437060e-2	2.4	0.00	1.480093365623256e0	2.708018823707081e-3
5	5.496499911149244e-2	3.071306491078872e-2	2.1	0.00	1.545018059167582e0	7.712308662910949e-3
6	5.490735362645527e-2	2.320014017735976e-2	2.1	0.00	1.655444546946008e0	1.085648325829380e-2
7	4.950725646266929e-2	1.760074336219927e-2	2.0	0.00	1.914323985056975e0	1.108450545582859e-2
8	4.947445513800952e-2	1.423676361519011e-2	2.2	0.00	1.874074009350136e0	3.042640271793212e-3
9	4.943063214784771e-2	1.041211407092841e-2	2.1	0.00	2.163689756225228e0	2.379703601339822e-4
10	4.928895402101996e-2	9.180125517821429e-3	2.2	0.00	2.155027500763486e0	1.721648376859952e-3
11	4.785898428205915e-2	7.426366421684238e-3	2.2	0.00	2.462860722086671e0	3.860405005738268e-3
12	4.785146035570942e-2	7.003014382183561e-3	2.3	0.00	2.273716500698912e0	5.509671677266514e-4
13	4.757632935987210e-2	5.202992783836855e-3	2.3	0.00	2.696770286185591e0	4.527223294206739e-6
14	4.690540162260781e-2	5.202879926201275e-3	2.2	0.00	2.797501378473853e0	3.965154053595533e-5
15	4.679711829040190e-2	4.105417143601931e-3	2.2	0.00	2.881800921930928e0	1.113216170097020e-3
16	4.662436610689091e-2	3.977585356434826e-3	2.1	0.00	2.671434121034558e0	1.443543453963220e-4
17	4.627314821589668e-2	3.342526266885990e-3	2.5	0.00	3.132600036190354e0	1.177628796440733e-4
18	4.627244859554347e-2	3.314298637640697e-3	2.6	0.00	2.824441143923063e0	7.133631475829405e-5
19	4.618134990847311e-2	2.597918400259347e-3	2.6	0.00	3.346870075447236e0	3.213975822440179e-4
20	4.598434804028739e-2	2.595613180102371e-3	5.7	0.00	3.484169712221795e0	2.751060643232158e-4
21	4.577388185018527e-2	2.195009201395802e-3	2.3	0.00	3.464210693701417e0	2.805248211228684e-4
22	4.575898124858202e-2	2.169337316633101e-3	2.3	0.00	3.121730789042413e0	2.441647149670975e-4
23	4.553341174114978e-2	1.894830821079876e-3	2.3	0.00	3.629734526646197e0	5.043036915505228e-4
24	4.553217132905840e-2	1.894764053518887e-3	2.4	0.00	3.723007168289829e0	5.026575586141667e-4
25	4.551404566716777e-2	1.541038586997789e-3	2.3	0.00	3.839113709859888e0	1.563321949262508e-4
26	4.546102311315414e-2	1.534035662626105e-3	2.4	0.00	3.983000593907699e0	2.070553861686537e-4
27	4.542317676186325e-2	1.406989178881528e-3	2.5	0.00	3.855702512342682e0	4.712455120267772e-4
28	4.539398568687436e-2	1.399547038175875e-3	3.2	0.00	3.684776171223495e0	3.731256085259399e-4
29	4.516501095731285e-2	1.238886951024516e-3	2.4	0.00	4.091972147799324e0	9.051485466549797e-5
30	4.509501719847853e-2	1.237378627961158e-3	2.3	0.00	4.208959664035210e0	1.077898263590685e-4
35	4.447418461480479e-2	8.740648435486735e-4	3.4	0.00	4.470407906307734e0	5.336406795544008e-5
40	4.423351667887432e-2	6.996676329984914e-4	3.2	0.00	4.295628268853136e0	2.066301501279693e-4
45	4.393031879469578e-2	5.336076494418729e-4	3.4	0.00	3.904187554119424e0	7.427810154626846e-5
50	4.385906936355843e-2	4.348053555312273e-4	3.7	0.00	5.387896183657372e0	1.194618685360256e-5
55	4.373990170370567e-2	3.546842672379865e-4	3.8	0.00	5.590111396799658e0	1.012181392515826e-5
60	4.366725636157509e-2	3.311014158332875e-4	4.2	0.00	5.462118180707953e0	5.920442196032452e-5
65	4.362961278691213e-2	2.752003835315576e-4	4.1	0.00	4.345616292084155e0	4.865738786353005e-5
70	4.353142911736496e-2	2.399893385281492e-4	5.2	0.00	5.939471707679393e0	8.418590296248177e-5
75	4.349767027215112e-2	2.041721810731314e-4	5.2	0.00	5.626008722475224e0	2.749400637721763e-5
80	4.346154535212821e-2	1.782800365382056e-4	6.3	0.00	6.870862469952813e0	5.201065396122188e-5
85	4.335119496816797e-2	1.567469241692261e-4	26.8	0.00	6.992479264023491e0	1.760086275949535e-5
90	4.332192309074478e-2	1.510407817417926e-4	6.0	0.00	6.024972903701638e0	2.227733672682201e-5
95	4.328196968230191e-2	1.315600323791058e-4	5.9	0.00	6.477950891776012e0	4.995780364119504e-6
100	4.309489700265556e-2	1.202415340412977e-4	6.1	0.00	6.621395826792894e0	1.855857766008579e-5
125	4.286209538394348e-2	7.704127692219983e-5	7.0	0.00	7.822748952138951e0	1.512800632040394e-5
150	4.272093535695698e-2	5.589315823831239e-5	26.8	0.00	7.517831214195446e0	1.695759041711294e-5
175	4.262418953771907e-2	4.022155867401508e-5	7.2	0.00	8.107827399438161e0	1.164579018854070e-5
200	4.251744183668194e-2	3.125100027370439e-5	6.9	0.00	1.003145941305670e1	2.015074070742771e-7
225	4.229687977758423e-2	2.502430825544837e-5	7.9	0.00	9.716541617764166e0	5.712186145942141e-6
250	4.221337915194567e-2	2.060857677841124e-5	8.6	0.00	9.028741510769963e0	6.930013052334322e-6
275	4.219214112804159e-2	1.687030239246195e-5	9.0	0.00	1.120946641374861e1	1.158582662960867e-6
300	4.209833712518563e-2	1.446575233235450e-5	9.2	0.00	1.107792271356687e1	1.488108227884347e-6
325	4.207189616526430e-2	1.242820895019498e-5	13.5	0.00	8.225181296349142e0	3.081855150637199e-6
350	4.203339750531776e-2	1.089432037723112e-5	10.9	0.00	9.538896310917552e0	8.507235212075123e-7
375	4.200931339726410e-2	9.456312840674678e-6	11.5	0.00	1.073467229749035e1	3.382282200051863e-6
400	4.196833754546048e-2	8.263299342604348e-6	12.7	0.00	9.957368936625683e0	3.206203173557903e-6
425	4.193327538551461e-2	7.249908680575661e-6	12.2	0.00	1.432478526833996e1	4.160739172393447e-7
450	4.186688056514110e-2	6.749961428355484e-6	12.8	0.00	1.101065248765210e1	1.577084272873404e-6
475	4.185499874957022e-2	6.048771400221835e-6	17.4	0.00	9.144834615581400e0	6.838711861557878e-9
500	4.184467776860012e-2	NaN	0.0	0.00	NaN	NaN
550	4.181404802022370e-2	NaN	0.0	0.00	NaN	NaN
600	4.169770433606979e-2	NaN	0.0	0.00	NaN	NaN
650	4.166355655784559e-2	NaN	0.0	0.00	NaN	NaN
700	4.154426322263982e-2	NaN	0.0	0.00	NaN	NaN
750	4.153328765641173e-2	NaN	0.0	0.00	NaN	NaN
800	4.152701479173937e-2	NaN	0.0	0.00	NaN	NaN
850	4.151269909264277e-2	NaN	0.0	0.00	NaN	NaN
900	4.150395803067464e-2	NaN	0.0	0.00	NaN	NaN
950	4.148621198610170e-2	NaN	0.0	0.00	NaN	NaN
1000	4.145743267306412e-2	NaN	0.0	0.00	NaN	NaN
1100	4.142973299400687e-2	NaN	0.0	0.00	NaN	NaN
1200	4.138205441067899e-2	NaN	0.0	0.00	NaN	NaN
1300	4.137003649496529e-2	NaN	0.0	0.00	NaN	NaN
1400	4.135080434119831e-2	NaN	0.0	0.00	NaN	NaN
1500	4.131996564027196e-2	NaN	0.0	0.00	NaN	NaN
1600	4.131295687487391e-2	NaN	0.0	0.00	NaN	NaN
1700	4.130067241793933e-2	NaN	0.0	0.00	NaN	NaN
1800	4.127739751169923e-2	NaN	0.0	0.00	NaN	NaN
1900	4.126856143605440e-2	NaN	0.0	0.00	NaN	NaN
2000	4.125782774790843e-2	NaN	0.0	0.00	NaN	NaN
2200	4.123184789028100e-2	NaN	0.0	0.00	NaN	NaN
2400	4.119485565871828e-2	NaN	0.0	0.00	NaN	NaN
2600	4.117284889751383e-2	NaN	0.0	0.00	NaN	NaN
2800	4.110556466281712e-2	NaN	0.0	0.00	NaN	NaN
3000	4.102536650151656e-2	NaN	0.0	0.00	NaN	NaN
3200	4.101355102662008e-2	NaN	0.0	0.00	NaN	NaN
3400	4.096874126012429e-2	NaN	0.0	0.00	NaN	NaN
3600	4.094459548904972e-2	NaN	0.0	0.00	NaN	NaN
3800	4.094117076851012e-2	NaN	0.0	0.00	NaN	NaN
4000	4.092764252275594e-2	NaN	0.0	0.00	NaN	NaN
4200	4.091368948482488e-2	NaN	0.0	0.00	NaN	NaN
4400	4.090756255503392e-2	NaN	0.0	0.00	NaN	NaN
4600	4.090393129249215e-2	NaN	0.0	0.00	NaN	NaN
4800	4.089414492075882e-2	NaN	0.0	0.00	NaN	NaN
5000	4.087251110105583e-2	NaN	0.0	0.00	NaN	NaN
5500	4.086104451066097e-2	NaN	0.0	0.00	NaN	NaN
6000	4.083775771168530e-2	NaN	0.0	0.00	NaN	NaN
6500	4.082429505878304e-2	NaN	0.0	0.00	NaN	NaN
7000	4.079739567454488e-2	NaN	0.0	0.00	NaN	NaN
7500	4.076437925356824e-2	NaN	0.0	0.00	NaN	NaN
8000	4.074486336985206e-2	NaN	0.0	0.00	NaN	NaN
8500	4.072368486309397e-2	NaN	0.0	0.00	NaN	NaN
9000	4.068656596302833e-2	NaN	0.0	0.00	NaN	NaN
9500	4.068393499307144e-2	NaN	0.0	0.00	NaN	NaN
10000	4.064476393547378e-2	NaN	0.0	0.00	NaN	NaN
10500	4.063348085392127e-2	NaN	0.0	0.00	NaN	NaN
11000	4.062563125372509e-2	NaN	0.0	0.00	NaN	NaN
11500	4.062122225495024e-2	NaN	0.0	0.00	NaN	NaN
12000	4.057392135592663e-2	NaN	0.0	0.00	NaN	NaN
12500	4.056551336630110e-2	NaN	0.0	0.00	NaN	NaN
13000	4.055867871969143e-2	NaN	0.0	0.00	NaN	NaN
13500	4.054937684114668e-2	NaN	0.0	0.00	NaN	NaN
14000	4.054298237077980e-2	NaN	0.0	0.00	NaN	NaN
14500	4.052988943219604e-2	NaN	0.0	0.00	NaN	NaN
15000	4.052131755636157e-2	NaN	0.0	0.00	NaN	NaN
15500	4.050490074246726e-2	NaN	0.0	0.00	NaN	NaN
16000	4.050150817390341e-2	NaN	0.0	0.00	NaN	NaN
16500	4.049338208677256e-2	NaN	0.0	0.00	NaN	NaN
17000	4.048061728330610e-2	NaN	0.0	0.00	NaN	NaN
17500	4.047370317331755e-2	NaN	0.0	0.00	NaN	NaN
18000	4.046949954450185e-2	NaN	0.0	0.00	NaN	NaN
18500	4.045786827264042e-2	NaN	0.0	0.00	NaN	NaN
19000	4.043462059737324e-2	NaN	0.0	0.00	NaN	NaN
19500	4.037594978530634e-2	NaN	0.0	0.00	NaN	NaN
20000	4.035953097500755e-2	NaN	0.0	0.00	NaN	NaN
